Entity,Code,Year,Other cancers (deaths),Gallbladder cancer (deaths),Larynx cancer (deaths),Other pharynx cancer (deaths),Kidney cancer (deaths),Ovarian cancer (deaths),Lip and oral cavity cancer (deaths),Bladder cancer (deaths),Brain and nervous system cancer (deaths),Non-Hodgkin lymphoma (deaths),Cervical cancer (deaths),Leukemia (deaths),Prostate cancer (deaths),Pancreatic cancer (deaths),Esophageal cancer (deaths),Breast cancer (deaths),Liver cancer (deaths),Colon and rectum cancer (deaths),Stomach cancer (deaths),"Tracheal, bronchus, and lung cancer (deaths)"
Australia,AUS,1990,3528,227,242,293,629,691,415,724,899,1174,436,1705,2051,1409,783,2427,391,4361,1511,6190
Australia,AUS,1991,3620,229,243,300,661,699,425,732,913,1220,434,1738,2166,1438,808,2469,414,4420,1501,6252
Australia,AUS,1992,3748,232,246,304,687,706,432,745,933,1265,430,1778,2309,1476,835,2510,443,4500,1502,6361
Australia,AUS,1993,3853,233,243,306,708,718,434,758,942,1302,425,1798,2448,1507,859,2562,470,4551,1495,6438
Australia,AUS,1994,3971,236,242,306,728,729,440,768,963,1342,426,1834,2548,1541,887,2629,499,4631,1501,6572
Australia,AUS,1995,4073,236,240,307,748,739,448,782,977,1376,416,1848,2581,1577,908,2653,524,4662,1498,6626
Australia,AUS,1996,4180,245,242,312,767,755,454,792,996,1413,406,1868,2593,1624,937,2669,559,4733,1496,6725
Australia,AUS,1997,4262,252,240,315,782,762,457,809,1015,1451,395,1868,2576,1663,959,2680,599,4763,1492,6757
Australia,AUS,1998,4332,260,235,313,799,775,463,823,1026,1470,384,1886,2580,1705,980,2674,631,4770,1477,6775
Australia,AUS,1999,4413,273,233,313,812,785,464,842,1043,1482,373,1889,2594,1750,1001,2661,677,4788,1472,6806
Australia,AUS,2000,4521,279,233,312,824,800,468,859,1064,1495,370,1881,2642,1795,1021,2670,722,4807,1467,6876
Australia,AUS,2001,4658,282,233,313,843,817,468,884,1081,1501,368,1871,2711,1849,1051,2699,772,4850,1477,6970
Australia,AUS,2002,4801,298,232,310,857,833,468,902,1105,1513,364,1859,2787,1907,1081,2730,821,4874,1502,7083
Australia,AUS,2003,4915,301,231,300,864,836,459,909,1113,1514,368,1781,2855,1976,1118,2732,870,4876,1513,7130
Australia,AUS,2004,5048,315,231,294,883,854,454,924,1122,1516,367,1777,2920,2042,1146,2736,923,4875,1533,7249
Australia,AUS,2005,5234,320,230,294,899,863,460,939,1132,1515,369,1828,2983,2108,1173,2739,981,4878,1545,7322
Australia,AUS,2006,5338,337,232,292,925,870,454,966,1147,1526,377,1797,3066,2187,1210,2762,1050,4939,1594,7461
Australia,AUS,2007,5516,350,235,294,943,884,459,987,1172,1536,384,1825,3143,2281,1245,2797,1115,5026,1647,7613
Australia,AUS,2008,5770,363,239,296,959,904,462,1022,1198,1555,392,1912,3215,2345,1289,2836,1183,5128,1745,7762
Australia,AUS,2009,5950,373,239,304,981,918,465,1050,1221,1563,396,1969,3277,2403,1316,2866,1256,5167,1789,7838
Australia,AUS,2010,6173,378,243,310,1006,939,475,1082,1253,1584,401,2028,3370,2487,1352,2903,1323,5251,1843,7998
Australia,AUS,2011,6378,393,240,313,1024,956,480,1112,1277,1611,408,2073,3445,2554,1378,2943,1386,5329,1890,8128
Australia,AUS,2012,6564,406,241,318,1044,977,492,1138,1298,1643,413,2109,3496,2624,1395,2976,1442,5400,1920,8226
Australia,AUS,2013,6738,415,242,325,1064,996,504,1154,1323,1674,413,2135,3553,2677,1408,3008,1490,5459,1932,8296
Australia,AUS,2014,6914,429,245,333,1090,1022,513,1187,1359,1719,421,2181,3648,2740,1429,3081,1540,5580,1954,8450
Australia,AUS,2015,7049,443,253,345,1129,1045,531,1226,1391,1783,424,2241,3823,2806,1469,3160,1549,5764,1977,8667
Australia,AUS,2016,7219,459,262,356,1166,1068,547,1267,1426,1844,429,2303,3987,2878,1509,3233,1576,5957,2018,8914
Austria,AUT,1990,2018,210,187,99,539,626,251,537,387,564,353,619,890,1119,248,1537,547,2564,1900,3295
Austria,AUT,1991,2024,196,186,100,539,620,256,534,394,572,340,619,911,1129,252,1547,558,2566,1837,3296
Austria,AUT,1992,2042,186,184,103,536,619,263,531,405,580,330,619,931,1150,252,1567,572,2568,1768,3300
Austria,AUT,1993,2043,179,182,105,528,614,269,527,410,589,317,621,959,1163,255,1582,584,2564,1711,3315
Austria,AUT,1994,2050,165,179,107,526,609,276,526,417,597,305,615,991,1177,257,1586,594,2547,1645,3297
Austria,AUT,1995,2055,153,178,111,512,605,284,531,420,604,295,617,1033,1181,264,1597,606,2542,1580,3308
Austria,AUT,1996,2046,142,176,114,505,599,287,527,431,614,281,617,1062,1190,270,1605,624,2538,1517,3326
Austria,AUT,1997,2042,135,172,114,501,589,290,533,435,640,271,623,1094,1199,279,1603,638,2518,1446,3325
Austria,AUT,1998,2021,126,170,118,489,582,300,533,442,659,261,629,1119,1204,285,1590,644,2490,1375,3325
Austria,AUT,1999,1993,119,167,123,488,569,300,530,449,666,257,640,1147,1222,289,1578,658,2466,1310,3333
Austria,AUT,2000,1972,117,162,127,487,562,300,529,455,673,253,649,1171,1239,291,1579,673,2434,1253,3325
Austria,AUT,2001,1954,120,159,131,486,561,295,533,461,674,248,665,1184,1254,302,1577,696,2408,1218,3321
Austria,AUT,2002,1918,128,157,138,495,559,294,535,467,678,252,670,1188,1283,310,1581,712,2416,1199,3383
Austria,AUT,2003,1859,129,152,151,498,561,282,535,471,657,254,681,1175,1314,312,1594,733,2427,1199,3428
Austria,AUT,2004,1857,132,150,158,498,559,279,536,474,640,252,682,1167,1339,318,1588,748,2396,1180,3455
Austria,AUT,2005,1897,136,146,161,501,555,275,539,475,636,253,649,1173,1368,325,1599,763,2389,1172,3501
Austria,AUT,2006,1890,138,142,165,505,549,272,543,473,637,249,703,1178,1393,331,1599,775,2364,1154,3543
Austria,AUT,2007,1919,138,142,169,506,543,272,546,474,637,245,714,1185,1426,335,1594,779,2333,1133,3596
Austria,AUT,2008,1964,139,138,172,510,544,274,551,475,647,241,732,1201,1459,341,1593,787,2315,1122,3659
Austria,AUT,2009,2027,142,137,175,517,537,275,554,482,657,240,768,1208,1490,347,1611,800,2303,1119,3729
Austria,AUT,2010,2125,145,135,171,519,526,284,560,480,674,234,779,1222,1519,351,1594,806,2272,1085,3760
Austria,AUT,2011,2173,149,136,181,524,538,279,574,488,670,239,817,1245,1552,352,1600,825,2293,1113,3800
Austria,AUT,2012,2226,152,137,187,524,546,278,586,499,674,241,838,1261,1581,360,1619,851,2314,1120,3844
Austria,AUT,2013,2252,159,136,189,528,548,278,587,505,674,238,850,1280,1595,364,1618,866,2317,1113,3864
Austria,AUT,2014,2262,160,133,194,536,555,279,598,509,684,237,855,1299,1621,366,1611,878,2313,1104,3863
Austria,AUT,2015,2287,163,134,193,551,569,284,614,513,701,236,855,1355,1639,370,1625,892,2358,1118,3866
Austria,AUT,2016,2321,167,136,195,564,580,288,629,520,718,236,863,1405,1666,375,1643,908,2403,1133,3894
Brazil,BRA,1990,12998,1931,2341,1487,1184,1768,2089,1832,2719,2667,6183,5047,6030,4032,5204,7452,4141,6752,13628,13307
Brazil,BRA,1991,13302,1987,2411,1548,1233,1829,2184,1881,2822,2778,6273,5148,6326,4165,5316,7692,4250,6992,13760,13764
Brazil,BRA,1992,13650,2079,2512,1623,1277,1916,2277,1956,2964,2895,6487,5244,6667,4334,5477,8144,4385,7341,14049,14351
Brazil,BRA,1993,13898,2171,2610,1688,1329,1995,2357,2017,3155,3028,6609,5324,7086,4496,5615,8524,4474,7712,14254,14874
Brazil,BRA,1994,14191,2252,2706,1751,1378,2074,2467,2105,3360,3174,6754,5434,7557,4670,5766,8964,4586,8116,14436,15511
Brazil,BRA,1995,14424,2364,2810,1828,1428,2174,2558,2188,3640,3332,6967,5537,8020,4862,5918,9426,4731,8565,14678,16156
Brazil,BRA,1996,14461,2487,2881,1909,1505,2260,2680,2287,4124,3498,7079,5663,8638,5033,6108,9792,4859,9075,14979,16722
Brazil,BRA,1997,14631,2609,2976,1977,1580,2374,2784,2382,4611,3681,7249,5781,9208,5211,6259,10236,5021,9593,15192,17310
Brazil,BRA,1998,14902,2728,3046,2067,1652,2477,2890,2495,5048,3863,7422,5957,9885,5428,6448,10683,5183,10152,15489,17941
Brazil,BRA,1999,15427,2902,3126,2163,1731,2584,3035,2641,5379,4031,7624,6130,10492,5699,6673,11130,5424,10731,15831,18727
Brazil,BRA,2000,15899,3060,3170,2260,1843,2684,3125,2745,5680,4195,7711,6314,11016,5951,6885,11551,5657,11286,16075,19410
Brazil,BRA,2001,16293,3204,3252,2309,1917,2766,3217,2840,5928,4314,7749,6436,11480,6167,7027,11848,5809,11750,16173,19920
Brazil,BRA,2002,16755,3351,3340,2401,2005,2862,3316,2942,6161,4419,7796,6563,11953,6393,7230,12228,6019,12272,16358,20510
Brazil,BRA,2003,17304,3522,3428,2473,2096,2958,3426,3049,6406,4552,7901,6709,12557,6650,7479,12619,6253,12845,16748,21313
Brazil,BRA,2004,17798,3722,3544,2548,2194,3059,3524,3144,6638,4659,7989,6855,13112,6972,7735,13036,6530,13422,17008,22083
Brazil,BRA,2005,18375,3893,3643,2627,2294,3141,3628,3243,6887,4758,8044,7021,13575,7262,7962,13396,6796,13971,17186,22758
Brazil,BRA,2006,18967,4039,3745,2672,2412,3237,3721,3333,7082,4895,8132,7153,14072,7553,8198,13816,7059,14542,17425,23292
Brazil,BRA,2007,19509,4196,3826,2721,2510,3321,3820,3422,7297,4991,8219,7268,14469,7861,8404,14155,7312,15077,17588,23852
Brazil,BRA,2008,20063,4360,3918,2784,2623,3424,3915,3520,7499,5076,8292,7358,14865,8168,8607,14499,7592,15649,17707,24396
Brazil,BRA,2009,20677,4550,3979,2849,2739,3512,4014,3630,7731,5173,8407,7465,15243,8496,8819,14818,7931,16201,17916,24939
Brazil,BRA,2010,21345,4746,4072,2922,2852,3594,4110,3747,7979,5256,8506,7573,15668,8866,9042,15186,8289,16824,18193,25576
Brazil,BRA,2011,21924,4939,4175,2981,2964,3663,4218,3864,8193,5351,8584,7686,16038,9218,9215,15454,8654,17369,18381,26216
Brazil,BRA,2012,22518,5113,4276,3033,3092,3741,4318,3973,8428,5452,8662,7785,16386,9597,9395,15702,9058,17864,18586,26840
Brazil,BRA,2013,23172,5314,4361,3091,3219,3829,4439,4130,8657,5530,8719,7863,16865,10004,9621,16007,9426,18478,18927,27642
Brazil,BRA,2014,23886,5507,4443,3174,3339,3930,4578,4283,8916,5649,8835,7996,17374,10410,9885,16361,9848,19089,19186,28451
Brazil,BRA,2015,24650,5713,4581,3278,3497,4058,4735,4452,9179,5793,8961,8158,18074,10863,10220,16785,10296,19710,19649,29356
Brazil,BRA,2016,25326,5907,4687,3404,3612,4165,4890,4646,9402,5982,9059,8299,19104,11283,10612,17019,10731,20254,20280,30066
Canada,CAN,1990,4414,444,456,274,1230,1286,780,1436,1332,2030,721,2022,3797,3002,1214,4734,771,6663,3472,14373
Canada,CAN,1991,4482,444,459,274,1265,1308,795,1461,1350,2098,740,2044,3997,3082,1274,4845,813,6738,3574,14704
Canada,CAN,1992,4587,441,457,276,1301,1337,799,1483,1369,2156,747,2059,4166,3150,1318,4952,861,6822,3615,15045
Canada,CAN,1993,4725,446,459,275,1342,1367,803,1524,1390,2214,764,2079,4303,3227,1364,5064,912,6938,3666,15456
Canada,CAN,1994,4848,447,463,275,1374,1393,809,1560,1416,2275,775,2090,4367,3293,1412,5147,970,7049,3703,15795
Canada,CAN,1995,5019,446,469,278,1415,1417,809,1597,1441,2324,768,2112,4417,3336,1436,5193,1019,7156,3639,16202
Canada,CAN,1996,5077,449,462,274,1444,1449,812,1625,1464,2378,796,2132,4432,3427,1495,5269,1063,7234,3763,16361
Canada,CAN,1997,5176,458,458,276,1471,1463,814,1662,1488,2427,803,2134,4450,3480,1538,5307,1109,7323,3789,16460
Canada,CAN,1998,5283,462,455,277,1495,1481,815,1693,1509,2479,811,2153,4470,3557,1568,5314,1153,7486,3832,16759
Canada,CAN,1999,5424,471,449,273,1522,1488,818,1730,1531,2507,818,2168,4479,3623,1593,5302,1189,7611,3812,16941
Canada,CAN,2000,5625,477,445,272,1540,1508,814,1758,1537,2538,814,2172,4496,3678,1613,5295,1229,7743,3774,17066
Canada,CAN,2001,5662,486,440,274,1586,1536,828,1786,1549,2571,821,2193,4536,3764,1633,5322,1273,7884,3786,17287
Canada,CAN,2002,5819,500,435,271,1632,1568,835,1821,1563,2606,823,2236,4558,3843,1660,5377,1305,8072,3772,17638
Canada,CAN,2003,6037,516,422,263,1670,1568,835,1837,1569,2642,816,2299,4615,3917,1643,5424,1314,8241,3697,17956
Canada,CAN,2004,6203,531,427,258,1723,1590,844,1904,1608,2676,819,2325,4659,4047,1710,5411,1367,8367,3721,18411
Canada,CAN,2005,6427,549,430,266,1756,1608,840,1989,1651,2709,825,2377,4629,4151,1759,5399,1491,8457,3796,18860
Canada,CAN,2006,6519,558,424,250,1791,1621,848,2065,1700,2776,833,2362,4771,4278,1800,5393,1544,8549,3877,19230
Canada,CAN,2007,6769,580,433,271,1775,1642,833,2084,1748,2853,857,2490,4668,4368,1875,5437,1678,8650,3977,19228
Canada,CAN,2008,6957,593,438,281,1794,1670,828,2122,1798,2902,867,2573,4661,4454,1930,5458,1781,8728,4035,19299
Canada,CAN,2009,7169,607,438,289,1798,1695,826,2157,1839,2953,874,2641,4665,4546,1970,5483,1877,8774,4052,19358
Canada,CAN,2010,7359,617,436,298,1816,1727,836,2200,1878,2997,884,2695,4704,4634,2017,5527,1975,8852,4083,19448
Canada,CAN,2011,7537,629,434,308,1838,1759,847,2247,1918,3054,894,2766,4758,4749,2054,5571,2070,8981,4120,19683
Canada,CAN,2012,7721,647,440,314,1887,1782,857,2292,1956,3116,910,2826,4824,4865,2096,5644,2148,9083,4149,19954
Canada,CAN,2013,7805,653,448,323,1945,1829,891,2340,1988,3194,911,2847,5019,4972,2127,5757,2141,9225,4180,20221
Canada,CAN,2014,7955,670,459,333,2003,1871,920,2402,2026,3278,917,2894,5225,5096,2173,5869,2169,9437,4252,20643
Canada,CAN,2015,8139,693,474,343,2066,1917,953,2473,2071,3372,929,2954,5457,5236,2230,6012,2207,9715,4358,21204
Canada,CAN,2016,8279,708,483,351,2119,1952,980,2531,2104,3450,932,2994,5652,5349,2271,6091,2235,9893,4412,21551
Chile,CHL,1990,1575,403,134,54,515,256,98,232,213,401,1019,548,785,584,684,847,533,960,3134,1791
Chile,CHL,1991,1575,393,127,54,517,259,97,238,212,412,990,544,819,592,680,843,539,961,3037,1773
Chile,CHL,1992,1580,381,125,54,522,263,96,242,211,423,970,540,867,604,681,841,550,972,2985,1753
Chile,CHL,1993,1624,380,127,55,533,272,99,255,216,439,987,551,925,628,697,874,573,1018,3034,1806
Chile,CHL,1994,1685,385,132,55,542,283,103,267,223,459,1000,562,1003,655,721,919,600,1082,3134,1878
Chile,CHL,1995,1754,390,138,57,550,293,107,281,231,480,1005,574,1097,685,744,965,630,1153,3255,1978
Chile,CHL,1996,1809,389,134,54,543,301,105,288,236,497,990,584,1179,709,770,988,654,1207,3294,2020
Chile,CHL,1997,1875,398,132,54,502,306,109,291,236,503,969,587,1236,725,779,994,681,1251,3324,2000
Chile,CHL,1998,1923,397,130,55,502,324,112,301,247,522,964,595,1298,755,786,1030,697,1289,3340,2006
Chile,CHL,1999,1982,397,127,56,493,335,115,316,253,539,951,610,1351,790,809,1049,690,1357,3401,2037
Chile,CHL,2000,2048,396,123,57,493,350,120,335,265,556,933,622,1395,812,812,1073,694,1412,3409,2067
Chile,CHL,2001,2101,405,124,58,502,357,121,345,278,571,926,642,1431,842,810,1096,707,1471,3436,2138
Chile,CHL,2002,2159,407,125,61,514,358,123,358,287,586,918,657,1481,888,815,1123,741,1529,3498,2208
Chile,CHL,2003,2219,411,128,61,528,366,126,371,298,602,918,671,1551,931,821,1153,777,1605,3546,2278
Chile,CHL,2004,2288,415,130,62,553,375,129,388,314,613,915,681,1612,964,822,1188,807,1688,3579,2379
Chile,CHL,2005,2327,410,132,63,577,386,131,406,323,629,912,691,1660,993,820,1220,841,1749,3580,2447
Chile,CHL,2006,2363,403,133,63,587,389,134,412,334,639,898,698,1707,1022,797,1228,874,1796,3562,2511
Chile,CHL,2007,2404,397,135,64,603,386,138,420,351,642,883,709,1746,1049,786,1235,903,1847,3541,2569
Chile,CHL,2008,2448,392,136,66,624,391,140,428,369,652,870,719,1797,1093,774,1252,941,1910,3553,2628
Chile,CHL,2009,2551,403,143,66,652,402,145,443,388,669,884,735,1888,1138,777,1308,983,2010,3681,2756
Chile,CHL,2010,2652,418,147,67,679,418,152,465,406,685,892,755,1994,1187,780,1356,1028,2128,3778,2894
Chile,CHL,2011,2720,423,149,69,704,425,160,473,419,696,893,774,2057,1226,786,1389,1069,2212,3790,2977
Chile,CHL,2012,2795,437,152,71,736,431,169,484,430,708,895,796,2124,1277,788,1426,1118,2303,3835,3070
Chile,CHL,2013,2859,451,152,74,759,440,174,504,442,723,891,815,2189,1327,797,1449,1151,2387,3858,3180
Chile,CHL,2014,2909,455,155,74,789,443,175,529,451,735,882,824,2240,1368,810,1461,1190,2442,3851,3231
Chile,CHL,2015,2983,471,159,78,812,457,182,543,458,765,891,833,2325,1409,854,1479,1225,2475,3934,3317
Chile,CHL,2016,3072,489,164,81,840,469,188,563,468,793,904,849,2428,1458,894,1511,1266,2544,4041,3430
China,CHN,1990,103060,13649,12700,2484,4952,9363,7179,16387,43860,17221,27795,68387,15235,30738,188551,37359,269079,81126,316895,267873
China,CHN,1991,104215,13979,12918,2545,5108,9671,7350,16842,44690,17511,27769,68135,15699,31789,192791,38484,276938,83657,317474,271428
China,CHN,1992,106108,14327,13074,2614,5245,9972,7548,17359,45556,18069,28076,68392,16272,32829,199730,39862,287102,86795,323201,278934
China,CHN,1993,108548,14423,13391,2746,5338,10360,7818,17953,46789,18900,28588,68780,16919,33856,206238,41306,298511,89698,329923,288785
China,CHN,1994,111041,14614,13744,2840,5364,10707,8141,18480,48171,19707,28927,69285,17569,34836,212048,42744,310392,91907,334312,300325
China,CHN,1995,112894,14480,13752,2900,5450,11040,8360,18657,49693,20378,29308,70159,18035,35805,215228,44124,319389,93526,333793,307890
China,CHN,1996,114809,14378,13754,2920,5622,11355,8564,18926,51476,21007,29266,71606,18517,36819,216564,45356,329694,95354,333430,320403
China,CHN,1997,116985,14469,13913,2947,5842,11645,8707,19311,52757,21613,29622,72392,19011,37856,220722,46583,338905,98125,337064,333834
China,CHN,1998,119273,14681,14213,2969,6111,11904,8921,19769,53354,21978,29708,72513,19517,38955,224616,47932,348642,100809,341734,347160
China,CHN,1999,121230,14805,14407,3012,6643,12269,9242,20028,53333,22425,30702,71678,20141,40492,228988,49901,356305,104231,350323,363088
China,CHN,2000,123790,14883,14777,3049,7308,12656,9566,20512,53543,22993,32050,71214,20863,42170,234720,52170,363947,108332,361221,381556
China,CHN,2001,126724,15012,15092,3099,8134,13064,9996,20832,53981,23443,33598,70985,21702,43936,240233,54764,369675,113772,373346,402215
China,CHN,2002,128665,15124,15359,3129,8883,13438,10427,21220,53579,23884,35079,70020,22618,45601,243306,56801,373347,119185,383772,424114
China,CHN,2003,128632,14654,14929,3141,9484,13613,10846,20824,52402,24338,35672,68120,23103,46503,238420,57451,371942,120202,375374,435328
China,CHN,2004,129258,14369,14760,3166,10114,13824,11292,20734,51656,24751,36165,66570,23686,47676,236345,57980,374011,122309,372434,452699
China,CHN,2005,130741,14244,14808,3239,10682,14126,11779,20959,51508,25365,36511,65177,24338,49381,233039,59101,375882,125949,367990,474872
China,CHN,2006,131870,13875,14579,3303,11178,14469,12328,20862,51422,26054,36421,63849,24812,51216,223872,60124,373611,128344,354296,478939
China,CHN,2007,133614,13568,14626,3398,11662,14830,12902,21017,51696,26972,36487,62697,25401,53225,217614,61319,374506,131688,347191,489359
China,CHN,2008,136004,13322,14923,3510,12225,15195,13641,21353,52206,28228,36438,62018,26220,55211,212399,62508,376177,135949,343071,503371
China,CHN,2009,138683,13178,15314,3659,12823,15556,14572,21892,52927,29771,36532,61784,27148,57270,208727,63618,377237,140405,341762,521621
China,CHN,2010,141399,13102,15781,3807,13367,15882,15579,22417,53589,31275,36689,61472,28070,59341,205456,64707,378026,144759,340593,540131
China,CHN,2011,143603,12902,15993,3919,13791,16233,16542,22734,53967,32670,36889,60664,28867,61324,200603,65791,379194,148029,334530,545214
China,CHN,2012,145878,12894,16323,4055,14234,16650,17410,23201,54656,33925,37345,59876,29700,63356,198523,67082,383819,151675,332144,553250
China,CHN,2013,148385,12933,16749,4219,14688,17082,18395,23838,55675,35268,37938,60007,30634,65354,198678,68247,390714,156052,332800,564146
China,CHN,2014,151054,13245,17353,4404,15209,17685,19078,24726,57168,36416,39061,60274,31745,67842,202644,70020,402873,161902,338814,580425
China,CHN,2015,152317,13353,17446,4514,15591,18176,19344,25331,58176,37119,39074,60248,32751,69806,203472,70576,414133,164383,335911,586827
China,CHN,2016,154255,13689,17484,4607,15951,18586,19588,26053,59120,37641,38355,60198,34078,71721,206206,70447,426904,167090,334775,590554
Denmark,DNK,1990,1250,117,121,79,352,510,179,534,412,372,337,563,968,791,315,1484,212,1453,757,3474
Denmark,DNK,1991,1273,115,122,82,353,516,180,548,413,385,333,577,983,789,327,1503,215,1492,739,3503
Denmark,DNK,1992,1306,118,122,86,359,518,181,562,415,396,327,589,1006,792,340,1531,221,1573,728,3570
Denmark,DNK,1993,1347,122,124,92,360,521,182,581,417,406,319,601,1019,796,349,1542,228,1693,723,3667
Denmark,DNK,1994,1401,133,123,97,367,526,183,599,417,418,310,628,1032,806,361,1537,240,1911,711,3768
Denmark,DNK,1995,1428,136,123,98,366,530,179,609,417,423,297,638,1049,807,371,1551,245,2033,697,3831
Denmark,DNK,1996,1436,137,121,102,365,537,182,614,420,428,286,637,1059,809,381,1551,243,2121,676,3792
Denmark,DNK,1997,1440,147,118,106,365,535,181,614,417,432,276,642,1063,821,388,1540,242,2181,648,3768
Denmark,DNK,1998,1452,155,117,110,371,534,184,619,420,428,263,648,1079,841,392,1523,246,2219,630,3742
Denmark,DNK,1999,1460,161,117,110,371,526,186,622,419,425,255,649,1104,853,400,1524,253,2231,620,3786
Denmark,DNK,2000,1452,161,112,117,370,518,185,613,419,417,238,639,1116,860,404,1498,252,2205,598,3778
Denmark,DNK,2001,1464,161,109,121,369,511,185,607,420,417,231,634,1140,871,412,1500,257,2218,600,3798
Denmark,DNK,2002,1469,163,112,126,361,505,186,605,424,414,224,640,1167,881,419,1509,262,2224,594,3827
Denmark,DNK,2003,1474,160,110,130,365,492,192,613,429,411,220,631,1186,897,418,1478,268,2214,595,3853
Denmark,DNK,2004,1480,163,109,134,368,483,188,615,435,410,213,633,1225,922,424,1465,274,2221,591,3908
Denmark,DNK,2005,1495,166,108,139,371,477,190,606,437,409,208,626,1238,940,425,1456,287,2220,591,3948
Denmark,DNK,2006,1508,166,107,143,368,470,192,605,449,404,201,633,1260,959,423,1451,292,2215,586,3961
Denmark,DNK,2007,1518,165,106,147,368,461,195,598,458,402,199,635,1269,977,422,1441,296,2186,578,3950
Denmark,DNK,2008,1530,166,105,153,370,456,193,593,465,397,193,630,1288,992,422,1427,308,2175,576,3955
Denmark,DNK,2009,1542,166,102,158,374,454,191,594,471,397,188,631,1300,1008,426,1434,319,2169,570,3968
Denmark,DNK,2010,1548,162,101,163,378,454,190,595,476,399,184,626,1298,1019,435,1420,335,2155,560,3964
Denmark,DNK,2011,1560,159,98,167,378,454,186,594,476,400,179,627,1305,1029,442,1396,346,2137,551,3934
Denmark,DNK,2012,1581,160,95,168,382,454,185,596,476,402,177,624,1309,1044,449,1371,357,2129,545,3937
Denmark,DNK,2013,1592,161,96,171,388,451,187,596,475,405,176,624,1321,1051,446,1351,365,2128,540,3923
Denmark,DNK,2014,1606,166,94,172,395,449,185,598,476,409,175,622,1333,1060,446,1334,375,2133,538,3898
Denmark,DNK,2015,1629,167,93,171,400,458,188,612,483,418,174,632,1369,1073,449,1334,373,2149,539,3902
Denmark,DNK,2016,1655,169,94,171,407,465,191,624,491,427,174,641,1404,1089,453,1336,375,2174,544,3927
Finland,FIN,1990,973,155,48,37,309,330,79,236,272,374,130,374,607,725,195,777,193,944,944,2054
Finland,FIN,1991,990,158,46,38,315,334,81,240,278,383,127,378,628,736,194,792,198,974,917,2031
Finland,FIN,1992,1012,159,45,38,319,340,83,246,281,394,123,386,653,739,191,812,202,999,885,2025
Finland,FIN,1993,1025,163,44,38,323,342,86,250,282,408,120,389,676,746,189,827,208,1019,859,1993
Finland,FIN,1994,1032,166,42,38,326,341,87,252,284,420,113,392,692,747,188,827,213,1027,821,1966
Finland,FIN,1995,1056,169,42,38,329,344,91,255,290,435,108,390,720,746,189,842,220,1038,788,1967
Finland,FIN,1996,1088,172,43,37,337,345,94,258,300,449,105,393,751,763,191,859,240,1061,774,1996
Finland,FIN,1997,1118,177,43,38,341,347,95,257,308,461,102,396,762,780,192,871,247,1071,746,1988
Finland,FIN,1998,1142,176,43,39,344,340,95,259,309,469,97,398,779,788,192,880,259,1079,723,2003
Finland,FIN,1999,1165,178,43,40,346,335,99,260,315,476,96,405,784,799,196,895,273,1093,704,2005
Finland,FIN,2000,1183,177,42,42,347,336,100,259,318,475,95,401,787,814,196,896,284,1089,685,1999
Finland,FIN,2001,1198,173,42,43,350,340,102,261,319,475,93,397,797,834,200,898,295,1095,669,2003
Finland,FIN,2002,1210,169,41,45,351,344,100,264,324,479,91,395,808,858,203,893,305,1104,661,2016
Finland,FIN,2003,1233,168,41,45,355,350,106,261,327,480,91,396,811,890,206,901,320,1120,657,2038
Finland,FIN,2004,1251,167,42,47,358,353,105,267,328,480,90,394,824,918,209,905,340,1125,643,2061
Finland,FIN,2005,1276,163,42,49,360,355,106,272,334,481,88,393,822,936,216,907,359,1138,630,2086
Finland,FIN,2006,1305,167,43,52,363,359,108,272,341,486,87,399,836,969,220,915,377,1163,625,2129
Finland,FIN,2007,1330,169,43,54,367,360,112,275,343,487,85,401,838,999,225,915,388,1180,612,2155
Finland,FIN,2008,1354,167,43,57,374,363,115,281,346,493,84,403,846,1021,229,920,402,1197,605,2178
Finland,FIN,2009,1384,172,43,61,381,370,119,287,351,502,85,407,860,1041,239,933,418,1221,602,2218
Finland,FIN,2010,1415,173,44,64,394,380,122,289,356,508,85,408,880,1061,246,949,424,1243,596,2252
Finland,FIN,2011,1444,177,43,66,403,387,126,293,358,512,84,413,898,1074,248,954,431,1255,588,2246
Finland,FIN,2012,1468,176,43,68,407,391,129,296,360,521,83,418,914,1092,252,957,442,1273,580,2261
Finland,FIN,2013,1477,173,42,68,412,389,131,296,359,526,82,424,928,1100,253,945,446,1274,571,2254
Finland,FIN,2014,1476,173,42,68,414,388,134,297,356,531,80,430,944,1110,254,919,451,1271,563,2229
Finland,FIN,2015,1486,181,41,68,421,392,132,305,355,538,79,431,972,1120,253,910,456,1269,564,2203
Finland,FIN,2016,1492,183,41,68,425,391,132,311,356,545,78,433,997,1128,253,889,459,1265,562,2187
France,FRA,1990,13913,1757,2480,2634,3078,3243,3034,4213,2324,4344,2091,5688,9767,5626,6104,11466,4956,19248,9764,23324
France,FRA,1991,13975,1699,2401,2616,3154,3246,3007,4221,2393,4467,2023,5646,9946,5731,6015,11727,5182,19549,9465,23665
France,FRA,1992,14066,1645,2338,2609,3239,3289,2984,4243,2426,4589,1973,5662,10109,5886,5949,11969,5425,19769,9224,24026
France,FRA,1993,14203,1600,2267,2566,3312,3341,2950,4281,2493,4671,1955,5745,10259,6052,5893,12194,5621,20007,9086,24532
France,FRA,1994,14371,1568,2196,2533,3369,3377,2917,4300,2539,4773,1933,5828,10315,6190,5820,12304,5796,20026,8924,24946
France,FRA,1995,14587,1553,2154,2509,3440,3396,2897,4328,2591,4857,1912,6014,10438,6372,5766,12455,5965,20231,8902,25560
France,FRA,1996,14772,1529,2104,2489,3483,3422,2867,4352,2656,4922,1866,6151,10542,6480,5682,12557,6204,20177,8739,25986
France,FRA,1997,14786,1512,2037,2447,3506,3392,2805,4355,2692,4972,1830,6277,10550,6592,5555,12518,6321,19831,8434,25962
France,FRA,1998,15143,1548,2008,2441,3586,3456,2806,4411,2770,5095,1825,6489,10829,6798,5545,12584,6574,19894,8369,26721
France,FRA,1999,15366,1572,1942,2408,3623,3481,2763,4409,2806,5182,1800,6688,11117,7105,5497,12716,6791,19926,8245,27315
France,FRA,2000,15609,1588,1863,2361,3644,3486,2739,4390,2846,5256,1765,6869,11301,7346,5400,12758,6964,19840,8080,27803
France,FRA,2001,15780,1604,1775,2326,3673,3503,2696,4383,2895,5314,1733,7032,11516,7662,5307,12826,7199,19869,7954,28199
France,FRA,2002,16048,1613,1709,2288,3719,3515,2655,4429,2935,5408,1716,7210,11692,7950,5274,12926,7417,19950,7861,28644
France,FRA,2003,16372,1630,1666,2255,3763,3507,2577,4468,2970,5463,1696,7338,11806,8301,5268,12999,7678,20214,7804,29092
France,FRA,2004,16580,1597,1602,2232,3813,3466,2526,4519,2994,5491,1665,7415,11724,8636,5214,12874,7904,20100,7570,29504
France,FRA,2005,17031,1617,1555,2223,3868,3495,2479,4606,3017,5583,1669,7594,11566,9011,5237,12788,8106,20208,7506,30037
France,FRA,2006,17124,1611,1529,2171,3941,3536,2459,4722,3097,5551,1675,7538,11552,9383,5191,12857,8261,20281,7408,30693
France,FRA,2007,17312,1612,1511,2157,4015,3574,2444,4855,3167,5549,1666,7546,11507,9747,5127,12900,8428,20413,7344,31396
France,FRA,2008,17645,1649,1500,2139,4094,3607,2432,4995,3257,5555,1692,7545,11364,10069,5092,13009,8547,20632,7344,32122
France,FRA,2009,17949,1687,1492,2120,4185,3640,2412,5149,3315,5526,1706,7531,11238,10318,5044,13009,8680,20689,7325,32778
France,FRA,2010,18445,1727,1509,2102,4267,3746,2408,5399,3401,5509,1739,7513,11195,10485,4960,13083,8762,20651,7296,33473
France,FRA,2011,18850,1765,1544,2097,4346,3818,2384,5581,3453,5506,1760,7529,11224,10655,4885,13114,8842,20713,7293,33729
France,FRA,2012,19272,1815,1562,2092,4420,3881,2370,5747,3513,5563,1777,7599,11361,10858,4870,13235,8951,20952,7337,34091
France,FRA,2013,19459,1832,1550,2109,4469,3919,2375,5831,3547,5621,1762,7638,11525,11000,4855,13244,9006,21001,7319,34019
France,FRA,2014,19398,1851,1510,2144,4508,3929,2404,5843,3521,5710,1716,7653,11900,10944,4952,13128,9032,21042,7255,33233
France,FRA,2015,19625,1911,1509,2184,4585,3976,2444,5948,3544,5837,1703,7762,12332,11044,5055,13202,9139,21416,7335,33166
France,FRA,2016,19872,1976,1508,2221,4668,4013,2482,6060,3570,5967,1692,7878,12761,11161,5159,13277,9269,21809,7421,33133
Germany,DEU,1990,17346,2317,1855,1767,5071,6106,2588,6554,4168,4345,3855,7857,9943,10411,3664,18158,3757,30302,18064,39109
Germany,DEU,1991,17420,2268,1864,1860,5175,6131,2680,6526,4284,4489,3763,7849,10169,10539,3742,18357,3807,30362,17598,39475
Germany,DEU,1992,17387,2183,1875,1992,5377,6156,2754,6458,4443,4652,3663,7878,10374,10719,3807,18513,4012,30417,16986,39893
Germany,DEU,1993,17416,2102,1867,2065,5477,6188,2782,6387,4596,4762,3564,7973,10551,10926,3957,18717,4227,30643,16620,40290
Germany,DEU,1994,17424,2002,1868,2159,5548,6170,2737,6354,4693,4935,3511,8153,10824,11070,4130,18959,4381,30680,16087,40658
Germany,DEU,1995,17933,1826,1856,2243,5595,6177,2729,6509,4805,5168,3418,8280,10991,11355,4311,19129,4691,30521,15601,41255
Germany,DEU,1996,18198,1700,1816,2299,5649,6249,2705,6564,4923,5366,3300,8417,11121,11676,4387,19219,4879,30465,15460,41589
Germany,DEU,1997,18220,1589,1790,2347,5682,6242,2642,6536,5008,5533,3210,8557,11049,11961,4471,19025,5019,30057,15027,41654
Germany,DEU,1998,18245,1523,1729,2336,5811,6238,2550,6412,5207,5517,3146,8773,11008,12325,4479,18761,5267,29802,15071,41516
Germany,DEU,1999,18331,1491,1707,2342,5823,6183,2503,6347,5300,5556,3071,8898,11068,12684,4523,18617,5434,29631,14855,41565
Germany,DEU,2000,18578,1491,1697,2367,5805,6205,2470,6275,5362,5597,2962,9029,11284,13033,4577,18567,5613,29592,14594,41671
Germany,DEU,2001,18723,1508,1665,2386,5805,6178,2468,6187,5408,5645,2884,9135,11453,13354,4623,18505,5776,29428,14339,41521
Germany,DEU,2002,18892,1531,1661,2401,5782,6130,2444,6140,5445,5668,2817,9193,11609,13585,4679,18541,5938,29330,14165,41730
Germany,DEU,2003,19090,1575,1650,2422,5795,6074,2433,6123,5486,5679,2751,9276,11729,13841,4737,18482,6144,29074,13905,42011
Germany,DEU,2004,19382,1621,1635,2435,5835,6041,2430,6113,5513,5710,2679,9373,11841,14143,4800,18450,6315,28755,13665,42267
Germany,DEU,2005,19795,1695,1634,2470,5921,6049,2446,6156,5558,5775,2633,9528,12103,14519,4905,18589,6510,28710,13551,42820
Germany,DEU,2006,20222,1789,1625,2485,6008,6052,2463,6217,5589,5854,2590,9633,12369,14937,4973,18644,6762,28596,13352,43247
Germany,DEU,2007,20653,1856,1609,2513,6098,6028,2493,6288,5617,5926,2555,9712,12610,15286,5053,18667,6948,28445,13223,43718
Germany,DEU,2008,21193,1931,1604,2542,6223,6020,2525,6367,5663,6015,2543,9800,12882,15633,5113,18838,7147,28417,13072,44290
Germany,DEU,2009,21752,2011,1594,2568,6344,6020,2552,6452,5727,6127,2531,9877,13200,15987,5207,18924,7336,28419,13027,44926
Germany,DEU,2010,22336,2087,1587,2592,6467,6030,2588,6588,5772,6257,2513,9915,13583,16348,5288,18911,7511,28457,12984,45468
Germany,DEU,2011,22961,2130,1577,2628,6593,6077,2621,6770,5813,6375,2504,9876,13997,16650,5347,18849,7645,28638,12959,45704
Germany,DEU,2012,23488,2191,1565,2651,6711,6074,2654,6906,5864,6484,2489,9891,14376,16933,5414,18797,7759,28833,12986,46064
Germany,DEU,2013,23972,2239,1565,2679,6836,6058,2684,7044,5917,6584,2478,9949,14757,17202,5485,18775,7847,29016,12973,46445
Germany,DEU,2014,24275,2265,1551,2701,6927,6070,2703,7150,5983,6671,2445,9963,15053,17406,5505,18619,7947,29011,12871,46408
Germany,DEU,2015,24431,2295,1550,2713,7062,6132,2729,7337,6032,6776,2444,10126,15596,17589,5540,18615,8040,29611,13057,46596
Germany,DEU,2016,24743,2343,1557,2737,7207,6220,2763,7531,6104,6901,2445,10288,16156,17838,5598,18726,8164,30223,13254,47004
India,IND,1990,45127,5328,17769,26009,2193,6321,27445,5190,9602,8235,29356,17645,7814,10071,22271,26911,9454,22606,51293,27381
India,IND,1991,46403,5647,18186,26727,2274,6513,28282,5367,10044,8555,29683,18205,8092,10312,22757,27746,9806,23337,52212,28202
India,IND,1992,47478,5263,18557,27454,2362,6713,29070,5549,10470,8881,30166,18796,8345,10566,23243,28678,10202,24086,53229,28961
India,IND,1993,48593,5136,18879,28079,2435,6904,29810,5700,10897,9213,30415,19366,8609,10795,23609,29413,10635,24739,53916,29713
India,IND,1994,50105,5123,19204,28830,2526,7129,30654,5843,11388,9582,30831,19974,8897,11030,24080,30345,11114,25531,54790,30501
India,IND,1995,51621,5233,19290,29571,2606,7333,31466,5948,11781,9970,31219,20531,9153,11263,24542,31266,11621,26281,55549,31269
India,IND,1996,52766,5454,19743,30434,2714,7547,32384,6079,12284,10417,31790,21123,9412,11557,25137,32406,12367,27210,56770,32280
India,IND,1997,54339,5827,20260,31427,2818,7805,33437,6306,12796,10862,32443,21731,9734,11898,25874,33617,13168,28287,58244,33467
India,IND,1998,55893,6258,20620,32286,2888,8041,34368,6517,13243,11266,32877,22237,10066,12224,26390,34622,13896,29190,59195,34393
India,IND,1999,58495,7149,20667,33170,2960,8435,35200,6907,13576,11803,33097,22647,10474,12613,26753,35644,14694,30065,59982,35410
India,IND,2000,61746,7210,20852,34146,3041,8841,36182,7197,13911,12427,33358,23155,10903,13043,27203,36749,15493,31056,60879,36488
India,IND,2001,64159,7324,20623,35044,3113,9104,37195,7382,14042,12844,33391,23341,11307,13428,27508,37619,16327,31955,61626,37908
India,IND,2002,67175,7381,20520,36051,3194,9469,38363,7568,14249,13393,33490,23586,11779,13813,27867,38479,17147,32935,62486,39450
India,IND,2003,70604,7528,20545,37175,3296,9901,39659,7827,14472,13954,33616,23736,12325,14299,28357,39420,17988,33976,63166,41081
India,IND,2004,73726,7794,20703,38445,3416,10410,41044,8076,14822,14677,33894,24534,12893,14853,28886,40649,18779,35190,64230,42926
India,IND,2005,78129,8197,21319,40073,3564,10961,43101,8389,15239,15480,34470,25153,13544,15494,29946,42043,20160,36762,65904,45272
India,IND,2006,81792,8226,21601,41305,3685,11412,43656,8630,15571,16153,34182,25640,14094,16001,29990,43339,20908,37618,66263,46549
India,IND,2007,86111,8311,21802,42856,3831,11925,44642,8903,15934,16833,34182,25990,14687,16592,30340,44876,22003,38750,67140,48202
India,IND,2008,91643,8506,21953,44586,4001,12545,45833,9207,16374,17515,34320,26313,15341,17232,30834,46480,22873,40016,68288,49853
India,IND,2009,96983,8587,21994,45482,4142,13116,47261,9406,16739,18090,34494,26484,15925,17820,31446,48254,23854,41439,69188,52120
India,IND,2010,100805,8685,22572,46786,4315,13688,48754,9645,17250,18630,34883,26793,16536,18498,32276,50225,24973,43002,70508,54468
India,IND,2011,103334,8809,23102,47992,4498,14247,50179,9977,17836,19316,35214,27438,17205,19262,32961,51981,25947,44468,71648,56879
India,IND,2012,106798,8854,23528,49040,4685,14804,51579,10253,18341,19908,35328,27961,17881,19964,33449,53564,26920,45807,72493,59372
India,IND,2013,111206,9069,24103,51044,4870,15353,53219,10525,18851,20503,36089,28407,18492,20791,35101,55806,28246,47830,73823,61987
India,IND,2014,113961,9267,24903,53229,5126,16047,55174,10980,19675,21310,37006,29043,19225,21930,36487,58337,29320,49883,75062,64401
India,IND,2015,116964,9454,25763,55501,5379,16720,57214,11432,20418,22077,37689,29557,19989,23050,37572,60669,30457,51977,76420,66987
India,IND,2016,119564,9572,26503,57493,5608,17293,59207,11914,21042,22800,37804,29932,20954,24106,38436,62036,31507,53727,77136,69601
Ireland,IRL,1990,659,49,61,32,115,205,86,164,189,208,85,293,452,384,276,645,101,972,537,1549
Ireland,IRL,1991,666,48,60,33,119,210,87,165,197,211,86,295,470,391,281,650,106,975,543,1576
Ireland,IRL,1992,675,50,60,35,123,218,86,169,200,220,89,302,485,400,289,662,108,987,542,1599
Ireland,IRL,1993,680,49,59,36,126,219,87,171,203,225,89,308,496,403,294,660,110,987,539,1615
Ireland,IRL,1994,692,49,58,39,130,221,87,179,204,231,91,315,504,407,303,658,109,990,535,1619
Ireland,IRL,1995,703,50,58,40,131,226,88,178,208,234,92,320,519,410,308,658,108,997,539,1636
Ireland,IRL,1996,710,51,58,40,137,228,87,180,209,239,95,328,530,417,312,649,108,993,533,1637
Ireland,IRL,1997,728,52,59,40,145,236,88,181,210,245,96,342,539,426,317,651,112,1009,530,1654
Ireland,IRL,1998,739,53,60,40,151,236,86,177,209,255,97,355,545,432,318,655,118,1008,523,1687
Ireland,IRL,1999,754,55,61,40,157,241,85,178,213,255,97,362,550,437,326,670,126,1018,517,1706
Ireland,IRL,2000,764,55,61,40,163,246,81,177,219,260,98,368,558,442,332,676,135,1013,505,1728
Ireland,IRL,2001,765,55,60,38,170,246,80,178,222,257,97,368,562,446,333,667,140,1005,489,1717
Ireland,IRL,2002,771,56,62,39,176,244,81,176,223,254,96,368,563,451,329,648,146,992,472,1715
Ireland,IRL,2003,777,55,61,40,181,250,81,177,222,254,96,364,555,452,333,653,152,988,458,1718
Ireland,IRL,2004,786,56,60,42,187,254,82,175,228,256,98,367,562,459,339,664,160,998,451,1734
Ireland,IRL,2005,796,56,61,43,190,258,83,177,232,254,99,360,559,468,341,674,165,1001,448,1746
Ireland,IRL,2006,809,60,61,44,195,260,82,180,235,256,102,361,556,483,344,670,167,1006,447,1757
Ireland,IRL,2007,832,62,61,44,200,256,82,182,237,259,103,354,556,495,348,660,181,1003,443,1773
Ireland,IRL,2008,858,64,60,46,209,261,83,188,243,267,106,356,560,511,355,686,194,1023,447,1809
Ireland,IRL,2009,881,66,61,47,215,265,86,193,245,275,110,356,573,521,361,691,207,1043,455,1846
Ireland,IRL,2010,889,66,60,47,215,270,87,196,245,274,108,349,573,526,358,679,213,1032,443,1824
Ireland,IRL,2011,908,68,61,48,218,276,90,205,252,280,108,348,588,535,365,693,224,1051,440,1839
Ireland,IRL,2012,923,70,61,49,219,280,91,208,256,283,106,353,592,541,369,700,229,1052,433,1831
Ireland,IRL,2013,938,71,60,50,227,282,94,212,258,285,103,355,602,549,371,699,237,1061,428,1834
Ireland,IRL,2014,949,72,60,51,230,286,95,216,263,293,101,362,630,561,375,697,234,1074,433,1842
Ireland,IRL,2015,970,73,61,52,235,291,97,222,269,301,101,371,657,576,383,708,236,1102,441,1878
Ireland,IRL,2016,991,75,63,53,240,296,99,227,275,309,101,379,683,591,392,718,240,1130,450,1913
Italy,ITA,1990,11478,1390,2376,879,2653,3161,1813,5476,3230,4062,1816,5731,5213,7478,2389,10464,7900,15312,17798,32653
Italy,ITA,1991,11640,1354,2312,875,2775,3226,1802,5608,3246,4252,1792,5822,5402,7668,2367,10634,8165,15620,17578,33087
Italy,ITA,1992,11864,1320,2251,873,2878,3287,1802,5699,3251,4403,1800,5889,5603,7860,2334,10764,8485,15885,17167,33426
Italy,ITA,1993,12145,1305,2215,878,2978,3351,1803,5841,3240,4561,1796,5974,5873,8047,2314,10975,8784,16240,16891,33991
Italy,ITA,1994,12461,1297,2172,882,3080,3411,1816,5945,3245,4710,1760,6076,6142,8268,2343,11142,9035,16551,16463,34439
Italy,ITA,1995,12831,1325,2099,867,3143,3456,1790,6032,3234,4803,1744,6155,6428,8423,2298,11262,9086,16772,16158,34494
Italy,ITA,1996,13260,1337,2075,873,3220,3499,1811,6133,3247,4943,1750,6224,6781,8696,2326,11441,9336,17143,15866,34871
Italy,ITA,1997,13555,1332,1997,834,3242,3533,1768,6173,3238,5010,1736,6305,6942,8871,2242,11556,9381,17232,15418,34725
Italy,ITA,1998,13913,1343,1958,831,3290,3553,1771,6177,3249,5079,1733,6384,7151,9048,2213,11720,9447,17478,15057,35031
Italy,ITA,1999,14328,1343,1916,826,3296,3539,1770,6227,3270,5084,1693,6464,7284,9278,2220,11780,9572,17550,14498,35087
Italy,ITA,2000,14606,1347,1868,825,3348,3549,1756,6265,3301,5062,1653,6492,7439,9494,2193,11838,9627,17726,14115,34966
Italy,ITA,2001,14577,1370,1792,801,3414,3599,1734,6299,3342,5032,1618,6583,7631,9686,2098,11853,9500,17850,13734,34412
Italy,ITA,2002,14728,1393,1775,795,3452,3614,1732,6312,3426,5025,1580,6694,7793,9884,2092,11912,9518,18122,13457,34329
Italy,ITA,2003,15174,1453,1800,798,3564,3677,1723,6365,3475,5071,1574,6845,8044,10258,2138,12188,9689,18614,13332,34909
Italy,ITA,2004,15309,1472,1767,839,3623,3676,1794,6435,3548,5039,1526,6912,7897,10357,2134,12046,9834,18516,12741,33899
Italy,ITA,2005,15749,1540,1774,871,3759,3723,1851,6602,3665,5122,1516,7119,8089,10630,2136,12269,10026,19041,12772,33874
Italy,ITA,2006,16257,1585,1811,913,3959,3770,1943,6859,3791,5208,1505,7356,8290,10986,2167,12585,10261,19694,12760,34577
Italy,ITA,2007,16694,1633,1815,931,4077,3805,1977,7051,3859,5273,1512,7641,8426,11230,2155,12760,10328,20079,12779,34910
Italy,ITA,2008,17068,1677,1796,926,4161,3837,1983,7197,3905,5315,1494,7500,8477,11428,2147,12872,10352,20282,12771,35154
Italy,ITA,2009,17536,1736,1818,934,4220,3869,2001,7329,3969,5390,1498,7538,8592,11664,2190,13004,10569,20521,12897,35838
Italy,ITA,2010,18088,1803,1789,927,4222,3864,1978,7407,3940,5409,1520,7558,8789,11751,2193,12914,10464,20575,12814,36027
Italy,ITA,2011,18446,1858,1754,930,4218,3872,1969,7468,3935,5435,1536,7602,8956,11844,2184,12939,10462,20664,12821,35891
Italy,ITA,2012,18751,1911,1728,931,4234,3894,1969,7556,3964,5482,1545,7670,9110,11934,2194,13023,10480,20810,12833,35805
Italy,ITA,2013,18575,1905,1684,928,4251,3920,1979,7647,3940,5544,1526,7639,9291,11969,2201,12975,10459,20691,12731,35226
Italy,ITA,2014,18742,1946,1689,933,4309,3958,2006,7799,3976,5644,1532,7711,9573,12117,2239,13096,10543,20977,12922,35573
Italy,ITA,2015,18938,1993,1699,940,4372,3994,2034,7958,4016,5749,1538,7789,9870,12277,2281,13219,10642,21299,13124,35991
Italy,ITA,2016,19146,2043,1712,947,4440,4033,2063,8124,4057,5854,1544,7871,10179,12446,2323,13338,10750,21634,13337,36450
Japan,JPN,1990,15180,2325,1000,755,2751,3445,1675,3574,1888,5453,3383,6735,4549,13717,7718,6710,24211,26378,50305,37798
Japan,JPN,1991,15529,2350,1012,817,2892,3542,1755,3689,1923,5679,3362,6812,4778,14219,7969,6947,25231,27520,50515,39564
Japan,JPN,1992,15977,2406,1031,870,3046,3652,1859,3811,1967,5915,3352,6928,5018,14768,8250,7211,26350,28833,50643,41448
Japan,JPN,1993,16416,2442,1043,938,3212,3749,1966,3939,2002,6126,3333,7006,5268,15297,8506,7498,27435,30046,50778,43232
Japan,JPN,1994,16900,2517,1058,1007,3380,3879,2085,4101,2035,6374,3318,7076,5560,15800,8746,7780,28580,31218,50885,44946
Japan,JPN,1995,17472,2614,1074,1082,3580,3983,2299,4289,2081,6591,3327,7075,5870,16364,9039,8135,30085,32649,51273,46880
Japan,JPN,1996,18072,2658,1089,1161,3763,4091,2467,4448,2105,6840,3342,7125,6206,16937,9353,8443,31269,33855,51404,48376
Japan,JPN,1997,18673,2720,1101,1252,3935,4200,2620,4627,2136,7084,3363,7200,6542,17507,9685,8802,32296,35029,51612,49911
Japan,JPN,1998,19305,2795,1108,1340,4114,4258,2756,4814,2173,7350,3381,7315,6913,18109,9980,9153,33233,36232,52006,51542
Japan,JPN,1999,19994,2892,1110,1422,4267,4287,2844,5035,2211,7586,3408,7436,7243,18788,10275,9504,33765,37353,52266,53189
Japan,JPN,2000,20540,2982,1114,1503,4408,4306,2939,5189,2237,7803,3409,7524,7578,19402,10533,9756,34158,38093,51999,54541
Japan,JPN,2001,21150,3069,1112,1588,4571,4361,3019,5393,2267,8001,3398,7637,7901,20037,10787,10026,34271,38932,51819,55930
Japan,JPN,2002,21737,3162,1112,1665,4748,4408,3098,5574,2299,8190,3405,7737,8240,20749,10988,10247,34281,39763,51665,57306
Japan,JPN,2003,22379,3307,1109,1757,4911,4478,3162,5773,2333,8378,3413,7849,8575,21536,11198,10534,34132,40729,51830,58746
Japan,JPN,2004,23078,3482,1118,1839,5090,4556,3204,5975,2371,8551,3440,7977,8933,22380,11402,10886,34123,41726,52126,60609
Japan,JPN,2005,23774,3680,1130,1920,5255,4613,3272,6224,2413,8763,3463,8152,9321,23230,11591,11209,34004,42836,52594,62722
Japan,JPN,2006,24318,3856,1124,1981,5390,4640,3376,6400,2447,8971,3477,8290,9645,23990,11735,11443,33927,43599,52722,64103
Japan,JPN,2007,24932,4046,1127,2058,5540,4674,3469,6581,2479,9229,3470,8432,9995,24860,11910,11620,33916,44486,52951,65729
Japan,JPN,2008,25498,4215,1127,2124,5680,4709,3554,6773,2522,9473,3466,8559,10325,25732,12047,11791,33870,45345,53101,67131
Japan,JPN,2009,25942,4373,1125,2175,5805,4730,3630,6948,2551,9710,3453,8669,10608,26476,12126,11884,33624,45853,53025,68020
Japan,JPN,2010,26503,4559,1131,2224,5953,4751,3705,7143,2586,9944,3460,8772,10978,27213,12215,12026,33476,46762,53231,69251
Japan,JPN,2011,27002,4728,1134,2252,6106,4753,3784,7342,2617,10161,3425,8834,11324,27844,12259,12029,33245,47492,53264,70172
Japan,JPN,2012,27646,4952,1136,2292,6278,4799,3870,7592,2629,10439,3446,8903,11661,28595,12261,12148,33262,48488,53526,71140
Japan,JPN,2013,28083,5103,1136,2319,6392,4824,3926,7805,2633,10668,3422,8966,11976,29145,12273,12166,33400,48922,53502,71617
Japan,JPN,2014,28197,5155,1133,2323,6424,4818,3958,7916,2603,10742,3354,8942,12248,29189,12310,11785,34094,48567,53464,71004
Japan,JPN,2015,28628,5287,1146,2348,6531,4858,4025,8105,2609,10935,3341,9014,12615,29608,12447,11700,34803,49045,54077,71672
Japan,JPN,2016,29089,5422,1159,2376,6650,4905,4092,8301,2619,11138,3336,9094,12995,30071,12600,11648,35533,49583,54751,72489
Mexico,MEX,1990,5912,1276,765,185,868,870,466,565,1117,1293,4841,3532,2684,2113,739,2725,2996,2320,4744,5478
Mexico,MEX,1991,6067,1290,777,184,904,900,472,572,1172,1327,4807,3614,2789,2178,742,2810,3073,2370,4791,5612
Mexico,MEX,1992,6259,1313,796,188,947,937,484,596,1237,1368,4884,3692,2910,2269,756,2962,3194,2472,4919,5826
Mexico,MEX,1993,6447,1344,810,192,978,974,497,609,1292,1415,4958,3777,3056,2358,773,3121,3318,2583,5046,6037
Mexico,MEX,1994,6604,1359,819,194,1018,1021,512,628,1335,1474,4965,3860,3216,2440,779,3241,3432,2684,5113,6203
Mexico,MEX,1995,6826,1373,828,198,1080,1068,519,643,1388,1546,5037,3973,3353,2540,803,3416,3577,2792,5213,6372
Mexico,MEX,1996,7012,1355,848,200,1129,1113,532,662,1440,1609,5024,4071,3484,2608,808,3514,3685,2902,5269,6427
Mexico,MEX,1997,7265,1375,874,202,1193,1159,549,680,1515,1700,5047,4203,3639,2679,812,3659,3818,3060,5348,6599
Mexico,MEX,1998,7497,1400,892,209,1250,1208,564,710,1585,1764,5047,4372,3795,2767,823,3802,3930,3259,5461,6716
Mexico,MEX,1999,7638,1421,886,209,1294,1252,577,731,1637,1815,4993,4437,3914,2830,827,3903,4002,3400,5510,6720
Mexico,MEX,2000,7752,1432,884,215,1333,1293,589,743,1683,1864,4842,4489,4028,2898,839,3928,4118,3505,5489,6697
Mexico,MEX,2001,7891,1458,878,218,1391,1353,607,767,1734,1915,4762,4524,4137,2975,852,4051,4218,3640,5525,6730
Mexico,MEX,2002,8130,1520,903,225,1451,1422,629,794,1795,1989,4735,4611,4314,3077,875,4251,4374,3834,5677,6916
Mexico,MEX,2003,8417,1595,908,225,1529,1490,649,825,1851,2054,4734,4689,4519,3183,914,4433,4538,4065,5834,7073
Mexico,MEX,2004,8604,1643,899,232,1578,1548,663,860,1898,2114,4642,4705,4636,3279,921,4549,4646,4217,5868,7098
Mexico,MEX,2005,8972,1738,910,241,1653,1627,687,905,1949,2201,4675,4791,4844,3405,957,4769,4795,4491,6059,7296
Mexico,MEX,2006,9224,1804,902,243,1710,1696,697,948,1984,2261,4587,4803,4959,3492,975,4888,4879,4655,6074,7201
Mexico,MEX,2007,9491,1892,894,245,1778,1760,703,994,2020,2326,4515,4843,5108,3601,993,5011,4931,4858,6114,7134
Mexico,MEX,2008,9996,2059,931,254,1864,1843,732,1051,2091,2436,4585,4969,5394,3761,1035,5293,5134,5231,6409,7356
Mexico,MEX,2009,10461,2207,936,261,1946,1943,761,1086,2160,2534,4726,5118,5602,3895,1071,5611,5338,5530,6635,7457
Mexico,MEX,2010,10821,2324,941,263,2040,2010,790,1117,2216,2596,4618,5150,5848,3982,1101,5661,5463,5762,6721,7497
Mexico,MEX,2011,11090,2409,933,269,2113,2085,804,1151,2249,2661,4553,5156,6026,4058,1116,5745,5597,5951,6732,7508
Mexico,MEX,2012,11459,2537,946,275,2180,2172,833,1180,2299,2721,4589,5192,6234,4185,1153,5999,5783,6230,6845,7603
Mexico,MEX,2013,11963,2697,977,284,2296,2286,864,1222,2371,2805,4737,5284,6537,4347,1199,6335,6049,6650,7139,7906
Mexico,MEX,2014,12381,2802,977,292,2393,2391,894,1263,2433,2882,4831,5339,6755,4485,1229,6610,6263,6905,7297,8056
Mexico,MEX,2015,12642,2870,981,300,2466,2463,912,1288,2489,2936,4781,5333,6953,4604,1252,6696,6435,7057,7335,8163
Mexico,MEX,2016,12910,2913,1011,310,2541,2518,940,1336,2552,3037,4898,5400,7261,4791,1300,6848,6717,7171,7494,8469
Netherlands,NLD,1990,3084,376,260,140,846,995,288,1148,579,1032,381,1058,1954,1713,714,3274,329,4337,2698,9262
Netherlands,NLD,1991,3104,367,267,147,840,1011,298,1175,584,1051,384,1059,1990,1726,741,3345,342,4419,2692,9350
Netherlands,NLD,1992,3168,367,272,152,875,1040,308,1201,587,1077,381,1068,2077,1749,767,3419,357,4497,2691,9446
Netherlands,NLD,1993,3266,371,271,157,893,1055,312,1243,597,1096,388,1091,2176,1784,812,3513,374,4608,2682,9585
Netherlands,NLD,1994,3311,367,274,164,911,1063,324,1262,617,1108,380,1075,2229,1815,844,3573,387,4625,2598,9528
Netherlands,NLD,1995,3379,366,272,172,933,1083,339,1291,643,1114,374,1103,2271,1828,928,3604,402,4701,2512,9588
Netherlands,NLD,1996,3399,360,272,180,944,1088,355,1313,661,1117,377,1112,2286,1847,953,3660,420,4818,2521,9672
Netherlands,NLD,1997,3438,355,269,184,963,1069,362,1318,677,1126,377,1111,2267,1842,960,3686,442,4879,2461,9707
Netherlands,NLD,1998,3495,361,268,189,976,1082,371,1326,700,1130,385,1149,2289,1921,1066,3711,456,4956,2438,9748
Netherlands,NLD,1999,3618,357,272,199,990,1099,386,1336,706,1163,386,1171,2281,1972,1135,3783,480,5043,2442,9879
Netherlands,NLD,2000,3778,361,278,203,1008,1085,392,1302,730,1182,390,1211,2318,2029,1223,3778,502,5093,2410,9969
Netherlands,NLD,2001,3823,370,281,203,1035,1102,390,1348,741,1205,384,1238,2351,2069,1253,3823,532,5212,2406,10119
Netherlands,NLD,2002,3942,377,280,209,1043,1103,396,1365,747,1221,396,1288,2416,2167,1332,3869,566,5341,2421,10241
Netherlands,NLD,2003,4158,386,273,213,1073,1122,394,1362,779,1253,392,1359,2467,2272,1424,3891,609,5431,2443,10332
Netherlands,NLD,2004,4265,388,263,214,1091,1125,391,1350,801,1255,383,1384,2485,2355,1483,3831,640,5435,2392,10359
Netherlands,NLD,2005,4339,388,258,214,1103,1110,396,1326,823,1240,375,1379,2495,2420,1551,3750,656,5450,2298,10337
Netherlands,NLD,2006,4457,393,250,214,1124,1134,386,1364,855,1254,367,1419,2562,2519,1587,3742,699,5527,2318,10417
Netherlands,NLD,2007,4554,397,243,215,1149,1133,386,1384,879,1255,359,1445,2609,2609,1632,3686,742,5589,2308,10541
Netherlands,NLD,2008,4682,404,238,219,1169,1147,390,1413,907,1269,360,1485,2658,2711,1691,3695,782,5679,2324,10712
Netherlands,NLD,2009,4826,411,237,224,1193,1156,397,1441,929,1283,355,1525,2716,2796,1743,3680,825,5770,2339,10902
Netherlands,NLD,2010,4967,423,236,227,1220,1172,401,1468,941,1296,354,1557,2774,2880,1795,3703,867,5873,2341,11065
Netherlands,NLD,2011,5115,435,235,232,1241,1184,405,1494,955,1310,354,1592,2827,2956,1836,3745,909,5954,2336,11153
Netherlands,NLD,2012,5253,449,237,236,1270,1187,412,1523,967,1326,353,1624,2910,3026,1884,3742,951,6064,2343,11260
Netherlands,NLD,2013,5362,446,239,237,1284,1179,418,1536,955,1337,347,1640,2986,3062,1905,3661,972,6060,2333,11296
Netherlands,NLD,2014,5445,457,239,238,1305,1175,424,1550,959,1360,341,1648,3047,3121,1934,3606,1006,6071,2326,11278
Netherlands,NLD,2015,5514,468,239,242,1332,1172,432,1574,979,1387,341,1668,3132,3165,1969,3626,1032,6155,2348,11339
Netherlands,NLD,2016,5576,482,247,248,1371,1193,443,1620,988,1426,344,1683,3267,3210,1993,3671,1035,6293,2413,11499
New Zealand,NZL,1990,719,37,44,43,110,159,60,160,186,218,113,265,378,296,176,562,84,1079,424,1377
New Zealand,NZL,1991,750,39,44,44,117,165,60,167,197,227,114,278,409,306,181,577,91,1117,428,1408
New Zealand,NZL,1992,772,39,44,43,121,169,61,171,200,237,109,292,440,308,182,580,93,1134,429,1430
New Zealand,NZL,1993,799,39,43,42,126,173,58,176,202,243,105,306,473,310,189,583,101,1150,417,1435
New Zealand,NZL,1994,832,39,42,41,131,175,58,183,203,253,103,328,510,314,191,597,107,1182,412,1459
New Zealand,NZL,1995,883,42,41,40,134,177,59,186,203,263,102,364,540,316,192,614,114,1195,401,1459
New Zealand,NZL,1996,918,41,40,39,138,178,58,193,211,276,98,391,558,320,191,630,122,1208,398,1459
New Zealand,NZL,1997,946,43,39,38,142,177,58,193,212,286,94,406,572,320,189,628,130,1199,386,1439
New Zealand,NZL,1998,984,45,37,37,145,179,60,197,215,296,91,426,582,326,184,634,136,1207,383,1427
New Zealand,NZL,1999,1003,46,37,38,147,179,61,199,216,296,88,430,593,323,190,640,141,1225,379,1441
New Zealand,NZL,2000,1024,50,37,38,147,180,61,199,219,294,83,436,604,326,195,638,147,1229,370,1449
New Zealand,NZL,2001,1058,53,38,38,152,183,62,202,222,301,81,442,608,330,200,652,152,1257,372,1463
New Zealand,NZL,2002,1084,56,37,39,155,186,62,200,225,302,79,442,599,338,202,660,161,1261,365,1476
New Zealand,NZL,2003,1114,59,37,40,162,185,64,197,227,305,78,438,588,347,207,664,169,1267,359,1494
New Zealand,NZL,2004,1141,60,37,40,167,189,63,194,229,307,77,433,587,360,210,671,176,1285,353,1516
New Zealand,NZL,2005,1168,61,36,40,171,190,66,189,230,307,75,427,579,370,212,672,183,1285,344,1507
New Zealand,NZL,2006,1206,64,37,40,175,192,68,186,233,315,74,422,582,385,219,675,197,1312,344,1534
New Zealand,NZL,2007,1241,64,38,40,183,190,70,185,235,318,74,417,586,402,225,677,206,1332,345,1561
New Zealand,NZL,2008,1270,68,38,42,190,193,71,187,239,319,73,408,594,412,229,685,214,1353,344,1592
New Zealand,NZL,2009,1293,69,38,42,193,197,71,186,244,320,72,401,590,426,230,693,222,1352,338,1598
New Zealand,NZL,2010,1321,72,37,43,200,198,73,186,249,320,73,400,590,440,232,694,229,1356,334,1598
New Zealand,NZL,2011,1351,75,38,44,205,198,74,186,253,324,72,405,598,450,236,698,239,1375,338,1612
New Zealand,NZL,2012,1381,77,38,45,210,198,77,190,260,328,72,412,608,466,239,708,244,1399,340,1627
New Zealand,NZL,2013,1414,81,38,45,216,202,81,193,265,336,71,417,619,477,242,718,248,1412,339,1644
New Zealand,NZL,2014,1447,83,38,45,223,205,83,201,267,340,71,422,636,491,245,725,254,1441,345,1673
New Zealand,NZL,2015,1485,85,40,47,228,212,85,208,275,354,73,437,672,502,253,741,257,1488,357,1719
New Zealand,NZL,2016,1523,87,41,48,234,218,87,215,282,365,74,449,701,515,260,755,262,1530,366,1760
Norway,NOR,1990,1062,167,44,44,264,342,94,290,252,320,180,375,975,611,139,802,106,1539,803,1558
Norway,NOR,1991,1075,163,43,45,267,346,94,300,252,326,179,373,1000,613,142,811,108,1559,784,1597
Norway,NOR,1992,1094,162,43,44,270,347,96,315,255,336,178,376,1031,620,142,824,109,1589,763,1638
Norway,NOR,1993,1120,160,45,44,272,353,97,338,258,345,174,384,1058,626,145,834,110,1628,752,1694
Norway,NOR,1994,1128,153,44,44,270,354,100,352,258,347,168,382,1064,626,145,832,110,1621,723,1717
Norway,NOR,1995,1134,152,44,45,270,354,101,364,261,350,165,382,1072,625,147,833,110,1637,707,1746
Norway,NOR,1996,1128,148,44,47,268,356,99,371,269,356,164,382,1077,628,144,837,111,1623,684,1773
Norway,NOR,1997,1133,151,43,48,270,355,98,378,276,363,160,383,1085,630,150,835,113,1643,664,1812
Norway,NOR,1998,1146,150,43,50,271,355,98,383,284,367,158,382,1095,632,153,829,117,1653,647,1852
Norway,NOR,1999,1161,145,45,51,269,352,95,384,290,364,153,382,1098,637,157,817,125,1663,635,1916
Norway,NOR,2000,1169,138,44,50,265,351,94,391,299,360,149,386,1084,646,158,814,127,1674,607,1960
Norway,NOR,2001,1189,137,44,51,268,353,97,393,303,358,147,392,1080,661,162,815,131,1690,593,1999
Norway,NOR,2002,1210,136,43,52,267,362,93,397,310,353,146,391,1079,671,166,813,134,1696,575,2043
Norway,NOR,2003,1216,132,41,52,268,355,90,394,316,346,144,387,1079,667,171,796,138,1676,554,2051
Norway,NOR,2004,1218,130,40,52,270,357,90,393,316,344,141,383,1076,672,176,780,145,1655,528,2058
Norway,NOR,2005,1236,125,40,52,272,355,89,392,316,344,140,377,1077,683,180,766,153,1649,517,2094
Norway,NOR,2006,1242,127,39,53,272,356,89,387,322,344,140,384,1080,692,181,753,158,1655,500,2130
Norway,NOR,2007,1259,126,38,52,278,357,90,384,329,344,138,387,1092,706,186,743,165,1664,495,2185
Norway,NOR,2008,1275,129,38,52,282,354,90,381,335,344,137,390,1092,713,190,731,174,1669,485,2220
Norway,NOR,2009,1298,130,38,53,287,355,91,378,340,343,134,393,1083,721,194,731,183,1674,474,2249
Norway,NOR,2010,1316,130,38,54,295,357,94,382,342,345,133,396,1088,726,203,734,192,1683,466,2292
Norway,NOR,2011,1331,132,38,55,302,358,97,382,346,346,130,397,1096,736,205,732,199,1687,461,2286
Norway,NOR,2012,1338,135,38,55,305,356,97,380,347,344,129,397,1092,752,209,733,206,1693,448,2272
Norway,NOR,2013,1349,131,37,55,307,353,97,381,347,343,128,395,1093,756,212,733,210,1687,437,2246
Norway,NOR,2014,1353,130,37,54,312,354,94,381,350,345,126,391,1104,760,214,726,210,1675,429,2211
Norway,NOR,2015,1370,133,37,56,317,358,97,388,355,353,125,397,1131,771,215,728,212,1692,435,2206
Norway,NOR,2016,1393,137,38,57,323,364,100,395,361,361,126,404,1158,785,218,736,215,1721,443,2222
Poland,POL,1990,6223,1141,1859,531,1876,2071,1067,2146,2097,1310,2830,2309,2487,4093,1565,4609,1732,9469,7790,18867
Poland,POL,1991,6346,1153,1934,545,1962,2129,1094,2241,2182,1390,2923,2373,2614,4216,1616,4817,1706,9990,7836,19715
Poland,POL,1992,6316,1129,1906,553,2026,2153,1098,2294,2210,1431,2877,2361,2663,4223,1602,4848,1670,10087,7597,19641
Poland,POL,1993,6300,1093,1850,561,2086,2164,1098,2356,2236,1462,2830,2348,2755,4223,1596,4850,1637,10172,7280,19453
Poland,POL,1994,6387,1074,1844,571,2146,2226,1109,2421,2308,1525,2841,2392,2873,4264,1614,4968,1613,10390,7179,19775
Poland,POL,1995,6575,1044,1887,586,2208,2281,1148,2507,2406,1578,2849,2436,3054,4288,1633,5121,1646,10735,7141,20567
Poland,POL,1996,6613,994,1835,592,2233,2328,1153,2543,2457,1630,2844,2439,3191,4250,1634,5227,1636,10848,6888,20464
Poland,POL,1997,6695,909,1866,599,2299,2395,1172,2643,2501,1692,2918,2469,3379,4229,1630,5396,1662,11251,6823,21085
Poland,POL,1998,6904,823,1867,611,2382,2508,1188,2737,2550,1718,2885,2537,3541,4254,1638,5354,1643,11440,6761,21338
Poland,POL,1999,7468,757,1888,633,2429,2526,1206,2764,2581,1696,2888,2677,3609,4294,1702,5332,1832,11701,6930,22241
Poland,POL,2000,7632,734,1823,643,2458,2558,1196,2786,2589,1677,2847,2723,3684,4322,1708,5295,1857,11702,6720,22040
Poland,POL,2001,7774,702,1795,658,2483,2607,1204,2786,2609,1696,2776,2777,3752,4343,1722,5276,1874,11825,6586,22116
Poland,POL,2002,7853,693,1768,675,2516,2644,1221,2829,2626,1705,2712,2828,3836,4386,1744,5235,1858,11974,6475,22267
Poland,POL,2003,7950,684,1750,694,2548,2691,1249,2887,2670,1718,2681,2905,3928,4460,1755,5246,1856,12212,6453,22469
Poland,POL,2004,8078,674,1774,719,2587,2731,1282,2949,2736,1740,2661,2975,4065,4519,1784,5307,1840,12510,6468,22931
Poland,POL,2005,8205,677,1784,746,2637,2786,1313,3010,2781,1756,2661,3026,4192,4600,1788,5455,1821,12825,6445,23240
Poland,POL,2006,8348,685,1786,770,2698,2827,1352,3076,2843,1778,2662,3069,4316,4689,1804,5571,1845,13132,6453,23634
Poland,POL,2007,8493,686,1786,801,2767,2858,1387,3173,2885,1804,2652,3100,4457,4783,1823,5679,1854,13481,6474,24089
Poland,POL,2008,8561,696,1753,824,2831,2870,1420,3249,2908,1812,2584,3114,4560,4858,1815,5710,1862,13665,6422,24259
Poland,POL,2009,8657,712,1718,846,2894,2906,1444,3324,2938,1823,2550,3150,4658,4937,1833,5815,1885,13881,6357,24478
Poland,POL,2010,8675,716,1665,859,2925,2902,1469,3376,2928,1817,2426,3134,4735,4988,1827,5715,1904,13866,6257,24492
Poland,POL,2011,8832,735,1644,883,2974,2945,1492,3443,2957,1843,2393,3177,4858,5115,1864,5831,1946,14074,6199,24541
Poland,POL,2012,9140,748,1658,913,3040,2986,1530,3532,3024,1884,2391,3247,4976,5362,1933,5972,2048,14427,6240,24955
Poland,POL,2013,9270,763,1643,938,3083,3011,1552,3596,3044,1914,2336,3270,5061,5492,1952,5984,2108,14488,6181,24880
Poland,POL,2014,9309,763,1589,954,3103,3023,1564,3617,3043,1934,2261,3263,5109,5581,1948,5908,2146,14311,5997,24307
Poland,POL,2015,9328,789,1591,961,3160,3034,1565,3635,3071,1959,2221,3266,5209,5632,1968,5856,2206,14354,5960,24046
Poland,POL,2016,9408,811,1597,976,3212,3055,1580,3676,3106,1992,2189,3285,5322,5717,1991,5849,2265,14457,5946,23917
Portugal,PRT,1990,2218,151,450,117,262,330,322,630,507,457,436,767,1470,947,606,1705,594,2692,3624,2682
Portugal,PRT,1991,2273,157,451,123,270,338,324,643,511,479,433,781,1526,958,594,1735,606,2736,3560,2760
Portugal,PRT,1992,2325,157,449,129,279,341,330,655,524,502,432,792,1574,975,589,1754,617,2792,3504,2830
Portugal,PRT,1993,2383,161,456,138,288,358,333,672,535,522,431,806,1645,1003,591,1782,635,2904,3476,2973
Portugal,PRT,1994,2431,165,450,147,298,367,337,687,550,548,423,819,1700,1022,583,1792,647,2982,3409,3048
Portugal,PRT,1995,2492,173,448,155,309,378,341,701,563,578,424,845,1789,1046,585,1830,662,3117,3431,3166
Portugal,PRT,1996,2550,178,455,165,317,399,348,713,577,598,425,872,1878,1059,591,1854,673,3222,3410,3256
Portugal,PRT,1997,2554,185,457,177,317,409,353,715,588,623,422,888,1926,1084,591,1859,681,3287,3341,3296
Portugal,PRT,1998,2598,193,453,187,323,426,347,725,607,646,426,904,1967,1095,597,1868,690,3376,3307,3379
Portugal,PRT,1999,2598,196,449,195,316,429,350,745,628,664,428,917,1986,1110,605,1871,712,3485,3306,3435
Portugal,PRT,2000,2595,207,449,202,310,438,356,753,648,685,431,930,1992,1132,614,1885,730,3540,3248,3489
Portugal,PRT,2001,2546,218,451,206,267,444,360,768,668,709,437,950,1978,1168,617,1902,749,3643,3213,3553
Portugal,PRT,2002,2570,233,447,212,317,444,362,776,682,713,424,952,1975,1185,621,1886,772,3709,3164,3649
Portugal,PRT,2003,2588,245,453,220,332,451,359,793,695,728,421,957,1972,1212,624,1892,793,3794,3133,3754
Portugal,PRT,2004,2575,249,445,223,345,451,355,797,709,733,412,945,1964,1239,627,1863,817,3826,3076,3816
Portugal,PRT,2005,2517,245,445,229,360,462,348,812,718,743,417,938,1975,1284,634,1902,841,3922,3067,3953
Portugal,PRT,2006,2549,254,439,239,372,463,350,838,728,753,412,944,1986,1309,630,1893,862,3970,3008,4016
Portugal,PRT,2007,2672,284,434,252,382,462,371,860,754,777,411,964,1994,1336,630,1884,892,4030,2968,4041
Portugal,PRT,2008,2743,307,426,264,398,460,382,882,770,794,408,979,2009,1365,632,1880,922,4092,2948,4073
Portugal,PRT,2009,2796,326,420,272,411,459,390,902,786,809,407,994,2013,1399,633,1879,952,4124,2901,4124
Portugal,PRT,2010,2844,345,415,280,423,457,394,921,807,826,397,1008,2034,1432,633,1873,983,4162,2862,4196
Portugal,PRT,2011,2887,359,404,288,428,461,399,946,826,839,393,1018,2055,1459,636,1877,1015,4184,2840,4197
Portugal,PRT,2012,2939,374,394,290,437,466,399,973,837,855,385,1034,2082,1484,636,1906,1036,4222,2832,4211
Portugal,PRT,2013,2965,382,384,284,442,466,399,987,850,868,377,1044,2098,1507,634,1885,1058,4228,2793,4218
Portugal,PRT,2014,2991,392,376,283,447,467,394,997,852,875,372,1048,2123,1520,634,1878,1072,4211,2761,4151
Portugal,PRT,2015,3020,391,375,282,452,473,398,1010,853,883,369,1055,2196,1538,644,1881,1069,4259,2782,4127
Portugal,PRT,2016,3055,395,374,282,458,478,400,1024,857,893,367,1064,2256,1557,651,1888,1073,4304,2795,4117
Russia,RUS,1990,23885,3763,6073,2407,4391,7692,4568,6473,6957,3892,7853,8567,4857,10913,8748,16301,8236,29876,53002,60912
Russia,RUS,1991,24499,3695,6180,2489,4541,7850,4704,6694,7118,3972,7658,8594,5115,11148,8710,16707,8432,30309,51262,61016
Russia,RUS,1992,25925,3771,6865,2620,4843,8131,5033,7124,7473,4135,7903,8837,5607,11650,9031,18148,8796,32349,53206,65695
Russia,RUS,1993,28568,4093,8175,2744,5264,8546,5451,7747,8062,4360,8991,9438,6244,12426,9747,21402,9356,36871,60160,75736
Russia,RUS,1994,30135,4234,8782,2804,5590,8750,5644,8162,8360,4464,9560,9687,6666,12846,9982,23365,9646,39247,62784,80039
Russia,RUS,1995,29556,4012,8143,2769,5663,8554,5456,8177,8142,4346,8968,9368,6728,12681,9409,22378,9485,37630,57798,74739
Russia,RUS,1996,28483,3715,7276,2728,5672,8273,5223,8007,7717,4172,8242,8881,6786,12334,8760,21038,9167,35499,51978,66763
Russia,RUS,1997,27764,3504,6534,2709,5761,8068,5033,7827,7305,4038,7673,8542,6851,12151,8235,20209,8930,33972,47258,60684
Russia,RUS,1998,27952,3382,6178,2721,6067,7949,4978,7768,6973,3973,7463,8467,7027,12217,7994,20284,8774,33827,45341,57932
Russia,RUS,1999,29797,3402,6412,2863,6877,7982,5172,7693,6578,3954,7827,8837,7360,12888,8179,21987,8757,35858,47463,60212
Russia,RUS,2000,30424,3395,6559,2908,7378,8206,5332,7775,6597,3989,7906,8965,7720,13563,8199,22915,8862,37229,48164,61475
Russia,RUS,2001,30561,3339,6399,2873,7689,8283,5457,7792,6541,4011,7840,8928,8006,13990,8099,23370,8883,37846,47289,60777
Russia,RUS,2002,30927,3285,6339,2908,7980,8410,5524,7828,6573,4045,7849,8971,8375,14394,8015,24084,8917,38848,47105,61027
Russia,RUS,2003,31199,3213,6191,2916,8176,8473,5538,7795,6608,4102,7886,8985,8640,14684,7927,24695,8921,39498,46433,60329
Russia,RUS,2004,31127,3120,5984,2921,8303,8493,5510,7695,6615,4141,7720,8902,8878,14859,7757,24746,8852,39387,44841,59117
Russia,RUS,2005,31446,3103,5934,2946,8476,8592,5536,7672,6714,4208,7739,8896,9226,15187,7709,25217,8929,40114,44330,59339
Russia,RUS,2006,30626,2965,5456,2949,8444,8468,5399,7509,6609,4192,7285,8564,9358,15134,7400,23933,8788,38857,41066,55675
Russia,RUS,2007,30664,2921,5271,2989,8559,8427,5418,7459,6653,4243,7141,8429,9681,15370,7319,23561,8870,38921,39748,54588
Russia,RUS,2008,31185,2950,5276,3076,8756,8489,5528,7453,6788,4335,7219,8414,10077,15758,7390,24025,9082,39918,39447,55065
Russia,RUS,2009,30806,2873,5022,3114,8755,8439,5473,7316,6778,4332,6976,8209,10205,15802,7265,23399,9078,39070,37262,52835
Russia,RUS,2010,31120,2899,5003,3188,8869,8494,5555,7284,6904,4402,7011,8155,10519,16088,7307,23604,9244,39512,36844,52902
Russia,RUS,2011,31017,2865,4837,3251,8911,8451,5571,7233,6963,4410,6881,8050,10717,16235,7284,23137,9327,39092,35436,51646
Russia,RUS,2012,30819,2847,4652,3313,8903,8399,5540,7150,6986,4430,6718,7946,10876,16353,7197,22498,9417,38655,34009,50062
Russia,RUS,2013,31025,2893,4637,3406,9014,8391,5612,7157,7097,4487,6683,7956,11115,16580,7280,22332,9632,38853,33659,50020
Russia,RUS,2014,31480,2977,4688,3497,9163,8441,5707,7181,7213,4557,6711,8019,11365,16922,7428,22527,9914,39384,33817,50538
Russia,RUS,2015,32082,3089,4849,3588,9378,8583,5861,7366,7325,4639,6744,8142,11549,17211,7682,22930,10268,40218,34624,51416
Russia,RUS,2016,32974,3201,4959,3691,9617,8822,6005,7563,7469,4752,6916,8324,11836,17645,7916,23791,10640,41391,35534,52152
Singapore,SGP,1990,326,24,37,22,35,56,35,41,43,75,92,115,53,100,108,183,303,437,393,786
Singapore,SGP,1991,333,26,36,20,37,55,35,41,44,75,92,114,55,103,105,189,312,441,379,790
Singapore,SGP,1992,335,27,36,20,38,58,35,42,46,78,92,114,58,104,103,194,324,451,374,797
Singapore,SGP,1993,338,28,36,22,40,60,35,42,46,81,94,116,61,106,102,204,332,467,371,809
Singapore,SGP,1994,349,29,38,23,44,64,36,45,47,87,96,120,67,114,101,212,340,487,372,839
Singapore,SGP,1995,351,32,38,26,47,65,36,46,49,94,97,124,74,118,100,221,347,509,377,874
Singapore,SGP,1996,367,33,39,24,49,66,37,47,50,97,99,129,74,126,98,230,353,521,378,878
Singapore,SGP,1997,376,33,40,22,49,69,37,48,49,100,101,130,78,131,95,242,356,531,377,888
Singapore,SGP,1998,378,35,36,22,52,72,36,50,50,106,97,130,82,137,94,251,362,546,373,911
Singapore,SGP,1999,389,33,37,21,56,74,36,50,51,107,97,130,86,142,92,263,375,559,369,920
Singapore,SGP,2000,403,31,35,22,57,78,38,52,52,112,95,133,90,154,94,270,385,574,364,927
Singapore,SGP,2001,398,31,33,22,58,82,40,52,52,112,92,132,91,163,91,280,385,584,356,923
Singapore,SGP,2002,405,32,32,22,59,88,40,53,53,115,91,134,94,172,89,291,397,603,357,931
Singapore,SGP,2003,412,34,31,23,62,93,42,52,54,116,89,136,97,183,90,298,402,622,357,947
Singapore,SGP,2004,424,32,30,23,67,98,40,53,55,117,88,139,104,191,90,304,404,645,364,966
Singapore,SGP,2005,438,33,29,23,70,101,42,54,57,120,88,144,108,206,91,316,410,670,366,986
Singapore,SGP,2006,447,34,30,23,74,105,44,57,60,125,87,151,116,217,93,322,407,693,371,1010
Singapore,SGP,2007,446,33,28,23,76,104,44,56,60,122,83,150,116,223,93,322,404,688,364,981
Singapore,SGP,2008,451,32,27,24,80,107,45,56,62,125,82,152,120,229,97,333,410,701,361,986
Singapore,SGP,2009,460,33,28,25,85,110,46,57,64,128,82,153,126,247,103,352,436,735,376,1019
Singapore,SGP,2010,471,35,28,25,90,113,47,60,67,133,83,156,131,261,106,360,458,757,377,1034
Singapore,SGP,2011,485,38,29,25,96,117,49,63,68,140,84,158,141,276,107,370,479,781,389,1078
Singapore,SGP,2012,497,39,28,26,101,119,50,65,70,144,85,160,146,282,106,377,493,783,376,1108
Singapore,SGP,2013,513,42,27,27,105,122,51,67,71,148,85,161,153,290,108,393,509,800,375,1139
Singapore,SGP,2014,519,46,28,28,108,124,53,71,72,152,85,159,159,298,108,393,525,811,371,1161
Singapore,SGP,2015,520,49,28,29,111,125,53,74,73,155,84,159,165,308,110,394,536,825,371,1174
Singapore,SGP,2016,530,50,29,30,112,127,55,77,74,159,85,163,173,313,114,392,556,846,383,1200
South Africa,ZAF,1990,3240,387,419,122,225,440,590,456,388,479,2519,1049,1793,1019,2787,1744,1393,1557,1363,4351
South Africa,ZAF,1991,3344,393,434,128,233,454,617,472,402,498,2526,1079,1870,1056,2921,1787,1453,1611,1402,4454
South Africa,ZAF,1992,3492,414,455,134,244,478,647,494,421,521,2656,1124,1954,1106,3119,1900,1527,1696,1468,4590
South Africa,ZAF,1993,3529,408,455,136,249,486,659,501,429,533,2561,1130,2022,1131,3173,1878,1568,1702,1445,4616
South Africa,ZAF,1994,3668,426,475,142,261,508,687,524,449,555,2676,1175,2106,1181,3353,1978,1636,1784,1510,4771
South Africa,ZAF,1995,3747,430,495,147,269,516,712,542,459,571,2599,1193,2200,1214,3469,1960,1685,1835,1546,4931
South Africa,ZAF,1996,3926,467,531,156,283,540,751,576,480,593,2803,1247,2298,1278,3805,2104,1767,1963,1654,5131
South Africa,ZAF,1997,4202,527,591,170,305,579,808,626,513,628,3191,1339,2399,1368,4296,2389,1873,2184,1866,5456
South Africa,ZAF,1998,4335,555,605,174,311,596,825,640,531,642,3337,1378,2444,1408,4480,2494,1920,2244,1898,5551
South Africa,ZAF,1999,4540,593,628,179,324,621,848,660,551,663,3534,1427,2499,1452,4620,2640,1962,2336,1941,5769
South Africa,ZAF,2000,4839,655,660,187,342,647,884,685,578,688,3831,1495,2556,1503,4838,2853,2014,2457,2013,6056
South Africa,ZAF,2001,4952,670,641,189,346,658,882,680,587,694,3821,1498,2605,1515,4721,2876,2020,2467,1959,5747
South Africa,ZAF,2002,5124,700,640,192,353,675,894,691,602,711,3917,1527,2690,1545,4716,2965,2051,2529,1954,5638
South Africa,ZAF,2003,5309,738,641,196,362,692,912,704,619,734,4043,1557,2789,1581,4716,3085,2081,2617,1965,5609
South Africa,ZAF,2004,5453,770,639,198,373,715,925,716,635,751,4137,1579,2879,1615,4689,3204,2111,2699,1957,5593
South Africa,ZAF,2005,5585,805,636,203,386,741,933,723,654,764,4253,1604,2962,1657,4702,3330,2120,2786,1962,5563
South Africa,ZAF,2006,5733,835,644,211,401,771,953,745,675,781,4342,1642,3085,1715,4740,3443,2165,2907,1987,5702
South Africa,ZAF,2007,5774,828,638,213,409,794,952,759,688,791,4271,1658,3186,1759,4616,3472,2173,2974,1961,5780
South Africa,ZAF,2008,5812,817,637,215,419,813,955,770,702,803,4180,1677,3290,1797,4508,3471,2173,3035,1938,5866
South Africa,ZAF,2009,5902,817,645,223,434,839,968,790,724,819,4175,1713,3401,1851,4492,3539,2190,3134,1952,6027
South Africa,ZAF,2010,5993,817,654,228,448,864,984,810,746,838,4220,1748,3523,1908,4486,3651,2223,3229,1964,6181
South Africa,ZAF,2011,6034,809,660,232,460,879,987,823,766,851,4207,1774,3595,1946,4455,3689,2213,3281,1948,6293
South Africa,ZAF,2012,6016,785,652,231,467,880,981,831,778,858,4123,1777,3663,1966,4339,3651,2207,3274,1890,6374
South Africa,ZAF,2013,6046,769,641,230,473,891,977,837,788,870,4157,1790,3732,1983,4238,3690,2217,3267,1839,6458
South Africa,ZAF,2014,6137,766,643,231,481,906,980,852,806,886,4302,1824,3800,2016,4240,3796,2256,3296,1821,6623
South Africa,ZAF,2015,6197,765,643,233,489,917,991,864,817,901,4364,1841,3826,2052,4224,3871,2287,3312,1816,6804
South Africa,ZAF,2016,6227,765,647,234,494,922,1000,874,822,910,4396,1850,3825,2075,4216,3917,2299,3327,1815,7002
South Korea,KOR,1990,3035,969,568,119,283,388,289,566,889,710,1096,1771,465,1992,1567,1350,8126,2883,14776,6612
South Korea,KOR,1991,3118,956,596,126,307,405,301,597,907,756,1099,1764,486,2137,1649,1372,8710,3127,14913,7143
South Korea,KOR,1992,3162,938,620,132,336,425,314,625,935,806,1108,1758,508,2284,1716,1405,9274,3373,15059,7739
South Korea,KOR,1993,3189,916,644,139,371,448,330,654,956,861,1128,1748,534,2413,1757,1449,9849,3618,15150,8414
South Korea,KOR,1994,3227,881,667,149,413,475,352,691,963,927,1167,1741,562,2526,1780,1490,10446,3843,15242,9232
South Korea,KOR,1995,3252,822,682,158,464,509,375,731,962,1001,1223,1726,594,2597,1764,1534,11031,4017,15176,10197
South Korea,KOR,1996,3308,779,687,167,507,535,398,758,957,1044,1255,1692,629,2680,1776,1582,11500,4194,15157,10910
South Korea,KOR,1997,3377,750,689,174,545,561,419,778,960,1087,1277,1699,668,2773,1774,1639,11704,4417,15106,11623
South Korea,KOR,1998,3490,744,699,181,590,590,444,821,980,1123,1294,1725,719,2899,1794,1709,11899,4705,15104,12368
South Korea,KOR,1999,3623,757,685,197,638,619,468,867,996,1171,1317,1744,775,3022,1806,1792,12060,5050,15099,13086
South Korea,KOR,2000,3737,774,654,219,681,649,491,901,1005,1206,1330,1746,829,3113,1802,1872,12186,5338,14935,13713
South Korea,KOR,2001,3871,792,630,239,729,681,499,932,1028,1241,1336,1775,894,3215,1806,1970,12376,5646,14858,14175
South Korea,KOR,2002,3995,807,604,265,775,715,505,972,1047,1281,1343,1805,955,3364,1811,2060,12510,6045,14738,14590
South Korea,KOR,2003,4109,823,566,287,821,745,506,1005,1052,1323,1344,1822,1026,3505,1801,2132,12616,6389,14523,14959
South Korea,KOR,2004,4231,840,538,305,868,781,512,1037,1057,1366,1332,1832,1107,3665,1799,2211,12719,6742,14302,15389
South Korea,KOR,2005,4357,864,516,323,919,813,518,1074,1064,1406,1310,1840,1193,3839,1801,2270,12824,7090,14124,15845
South Korea,KOR,2006,4471,890,491,335,965,840,524,1098,1069,1437,1287,1845,1264,3989,1791,2321,12824,7405,13871,16089
South Korea,KOR,2007,4603,919,471,349,1012,870,532,1125,1080,1475,1263,1862,1341,4148,1787,2380,12852,7711,13639,16353
South Korea,KOR,2008,4767,960,458,362,1065,903,545,1166,1094,1520,1254,1890,1432,4343,1798,2465,12963,8066,13528,16741
South Korea,KOR,2009,4938,1006,451,374,1115,936,560,1210,1118,1571,1247,1924,1523,4549,1810,2541,13098,8413,13454,17188
South Korea,KOR,2010,5128,1065,446,389,1179,964,575,1265,1137,1629,1243,1957,1627,4761,1841,2602,13265,8809,13475,17656
South Korea,KOR,2011,5262,1118,442,400,1229,983,587,1309,1149,1670,1224,1967,1718,4932,1864,2625,13412,9057,13343,18093
South Korea,KOR,2012,5426,1180,447,412,1281,1013,605,1363,1171,1723,1222,1992,1807,5141,1904,2674,13718,9355,13355,18637
South Korea,KOR,2013,5596,1240,457,420,1321,1054,626,1426,1203,1784,1237,2026,1897,5365,1960,2733,14218,9622,13418,19222
South Korea,KOR,2014,5802,1310,477,436,1378,1089,653,1503,1239,1855,1265,2081,2011,5597,2063,2789,14890,10006,13898,20026
South Korea,KOR,2015,6021,1387,499,454,1439,1126,682,1584,1279,1929,1299,2140,2125,5841,2173,2857,15580,10425,14429,20877
South Korea,KOR,2016,6259,1476,525,474,1503,1162,714,1683,1321,2009,1333,2204,2262,6102,2290,2919,16292,10893,15047,21853
Spain,ESP,1990,8238,965,2045,575,1257,1498,1263,3437,1759,1896,1159,3232,4654,3476,1824,5860,3943,8690,8276,15093
Spain,ESP,1991,8353,998,2037,612,1317,1553,1294,3538,1799,1983,1134,3287,4791,3560,1830,5943,3962,9034,8139,15541
Spain,ESP,1992,8479,1018,2027,640,1370,1602,1315,3655,1847,2078,1107,3333,4945,3650,1851,6008,3993,9357,7989,15984
Spain,ESP,1993,8627,1053,2027,666,1440,1655,1335,3770,1905,2173,1093,3390,5150,3759,1868,6150,4012,9803,7938,16491
Spain,ESP,1994,8772,1104,1998,695,1494,1703,1341,3860,1957,2280,1077,3457,5329,3856,1882,6218,4027,10167,7834,16893
Spain,ESP,1995,8909,1162,1976,711,1547,1765,1343,3933,2012,2370,1062,3519,5497,3922,1889,6267,4053,10530,7717,17270
Spain,ESP,1996,9024,1217,1958,719,1601,1812,1347,3996,2068,2457,1039,3587,5670,4011,1896,6245,4074,10900,7618,17518
Spain,ESP,1997,9207,1270,1939,738,1653,1851,1366,4114,2131,2545,1035,3644,5798,4114,1895,6281,4111,11265,7530,17783
Spain,ESP,1998,9416,1342,1903,751,1695,1899,1363,4190,2198,2624,1034,3708,5945,4215,1912,6323,4150,11723,7453,18177
Spain,ESP,1999,9604,1408,1894,759,1740,1929,1355,4287,2253,2691,1025,3700,5974,4341,1926,6319,4176,12143,7426,18485
Spain,ESP,2000,9738,1460,1854,762,1789,1952,1354,4353,2299,2727,1018,3730,5963,4472,1930,6282,4205,12407,7293,18621
Spain,ESP,2001,9888,1509,1813,758,1822,1987,1358,4466,2344,2771,1007,3758,6033,4613,1932,6311,4245,12724,7218,18927
Spain,ESP,2002,10030,1576,1782,750,1857,2012,1368,4575,2406,2793,1013,3812,6101,4751,1935,6336,4289,13077,7164,19267
Spain,ESP,2003,10211,1649,1754,757,1917,2037,1366,4684,2458,2820,1021,3880,6142,4901,1952,6401,4326,13444,7164,19717
Spain,ESP,2004,10322,1695,1708,758,1958,2050,1358,4783,2494,2824,1023,3916,6160,5034,1953,6406,4361,13683,7097,19998
Spain,ESP,2005,10507,1742,1678,757,2006,2066,1354,4864,2532,2832,1042,3944,6166,5172,1952,6450,4403,13959,7088,20382
Spain,ESP,2006,10657,1797,1639,763,2061,2083,1347,4947,2580,2842,1046,3977,6184,5334,1953,6488,4473,14157,7021,20589
Spain,ESP,2007,10868,1848,1615,764,2106,2097,1350,5037,2623,2867,1055,4002,6257,5485,1959,6531,4546,14476,7020,20932
Spain,ESP,2008,11047,1892,1594,769,2154,2107,1338,5125,2655,2896,1054,4016,6299,5635,1960,6565,4613,14702,6973,21133
Spain,ESP,2009,11213,1946,1564,773,2193,2119,1342,5203,2685,2908,1052,4031,6359,5758,1953,6610,4680,14901,6931,21308
Spain,ESP,2010,11407,2009,1539,779,2232,2132,1351,5298,2723,2913,1048,4049,6455,5912,1948,6639,4770,15104,6883,21434
Spain,ESP,2011,11671,2089,1527,790,2275,2146,1366,5401,2774,2950,1056,4094,6583,6046,1960,6725,4880,15390,6865,21488
Spain,ESP,2012,11902,2159,1516,802,2325,2161,1376,5496,2821,2991,1054,4150,6705,6171,1962,6822,4966,15682,6915,21604
Spain,ESP,2013,12003,2187,1475,818,2352,2161,1390,5521,2830,3009,1044,4139,6741,6239,1956,6825,5013,15650,6855,21336
Spain,ESP,2014,12164,2242,1453,821,2374,2173,1397,5531,2843,3036,1032,4148,6853,6325,1968,6781,5061,15662,6820,21080
Spain,ESP,2015,12368,2282,1482,838,2394,2195,1418,5651,2869,3102,1033,4217,7116,6378,2011,6852,5150,15782,6925,20944
Spain,ESP,2016,12597,2342,1501,853,2427,2225,1440,5764,2901,3166,1038,4284,7355,6466,2050,6949,5256,15984,7026,20891
Sweden,SWE,1990,2540,245,82,72,770,692,145,657,523,804,308,734,2062,1399,382,1676,648,2730,1407,3025
Sweden,SWE,1991,2572,247,82,75,770,697,152,673,519,829,303,735,2122,1391,389,1688,645,2759,1365,3023
Sweden,SWE,1992,2595,242,81,77,771,696,150,682,518,843,299,738,2158,1388,391,1684,642,2774,1319,2992
Sweden,SWE,1993,2627,239,80,79,771,704,153,692,515,852,299,734,2201,1395,394,1692,649,2782,1281,2977
Sweden,SWE,1994,2628,234,79,79,765,706,158,695,519,854,295,730,2214,1374,393,1694,644,2759,1227,2968
Sweden,SWE,1995,2639,234,78,80,763,713,155,706,526,857,293,742,2261,1368,394,1705,638,2784,1190,2986
Sweden,SWE,1996,2660,234,77,80,758,716,157,714,531,856,291,747,2302,1357,403,1707,637,2796,1170,3004
Sweden,SWE,1997,2675,226,75,79,754,716,161,725,543,853,294,756,2344,1331,410,1691,628,2803,1146,3034
Sweden,SWE,1998,2709,223,74,82,755,711,167,729,547,848,296,769,2398,1322,417,1704,614,2833,1120,3081
Sweden,SWE,1999,2741,226,75,84,749,719,169,745,554,843,304,778,2442,1318,430,1725,597,2892,1113,3157
Sweden,SWE,2000,2770,227,75,84,741,721,173,751,556,834,308,786,2463,1327,437,1735,586,2922,1089,3224
Sweden,SWE,2001,2807,228,74,85,736,718,176,759,557,828,309,795,2476,1333,447,1733,586,2969,1076,3281
Sweden,SWE,2002,2823,230,74,87,728,715,175,770,565,820,309,800,2490,1340,448,1727,584,3007,1064,3332
Sweden,SWE,2003,2838,231,75,89,725,714,179,773,571,815,308,815,2521,1350,458,1729,580,3040,1046,3401
Sweden,SWE,2004,2878,234,75,93,727,716,185,779,583,806,315,824,2531,1368,463,1766,580,3096,1037,3512
Sweden,SWE,2005,2896,230,74,94,721,707,187,786,585,791,310,830,2526,1374,461,1743,574,3109,1009,3559
Sweden,SWE,2006,2893,230,72,95,714,706,189,790,589,781,307,835,2509,1384,456,1716,570,3120,985,3557
Sweden,SWE,2007,2911,231,72,96,711,706,190,798,592,776,308,841,2501,1404,456,1709,573,3153,970,3585
Sweden,SWE,2008,2933,237,71,98,704,706,193,799,593,772,306,842,2500,1425,458,1703,582,3171,952,3622
Sweden,SWE,2009,2949,238,70,100,693,704,193,802,589,769,305,843,2501,1450,464,1669,594,3162,942,3631
Sweden,SWE,2010,2953,238,68,101,689,697,194,805,585,766,300,844,2493,1488,462,1638,606,3139,927,3636
Sweden,SWE,2011,2972,241,68,100,697,701,200,801,582,771,299,864,2519,1563,467,1635,627,3134,932,3676
Sweden,SWE,2012,3011,243,68,101,702,716,203,803,577,779,303,883,2542,1630,474,1671,653,3159,936,3724
Sweden,SWE,2013,3031,243,69,104,705,728,204,805,577,783,307,896,2557,1678,480,1682,674,3168,935,3758
Sweden,SWE,2014,3054,249,69,107,713,749,206,810,578,791,303,905,2588,1723,485,1679,691,3175,929,3780
Sweden,SWE,2015,3115,257,71,110,728,779,213,823,592,804,309,920,2650,1765,497,1715,710,3240,943,3849
Sweden,SWE,2016,3164,260,72,111,749,799,216,842,604,825,307,927,2731,1769,505,1737,722,3304,959,3888
Switzerland,CHE,1990,1614,108,121,99,286,389,243,409,273,513,190,451,1323,821,371,1680,369,859,929,2944
Switzerland,CHE,1991,1659,106,121,101,287,395,247,415,282,520,186,455,1343,825,366,1659,376,894,900,2988
Switzerland,CHE,1992,1694,105,115,101,290,403,244,416,286,525,181,453,1358,826,366,1640,379,930,866,2998
Switzerland,CHE,1993,1746,106,111,104,298,409,243,420,296,530,180,450,1370,820,369,1629,386,983,836,2994
Switzerland,CHE,1994,1804,111,109,106,304,416,240,429,306,541,174,460,1378,842,374,1623,398,1053,813,2997
Switzerland,CHE,1995,1888,124,108,112,317,428,233,444,327,553,171,474,1383,871,376,1611,422,1226,808,3057
Switzerland,CHE,1996,1937,125,104,115,319,430,230,448,334,552,165,476,1370,879,370,1551,436,1313,781,3019
Switzerland,CHE,1997,1972,130,103,118,321,438,231,445,345,554,160,482,1364,897,378,1527,448,1397,762,3040
Switzerland,CHE,1998,1993,131,102,119,321,435,231,450,353,554,155,487,1367,919,385,1486,456,1463,742,3086
Switzerland,CHE,1999,2007,131,101,121,323,433,233,449,357,556,150,497,1360,928,388,1463,463,1494,718,3101
Switzerland,CHE,2000,2033,136,104,122,323,440,234,452,364,558,148,503,1352,941,398,1474,483,1527,703,3165
Switzerland,CHE,2001,2045,138,105,124,324,440,235,453,369,561,145,512,1351,959,404,1470,497,1550,688,3190
Switzerland,CHE,2002,2078,142,104,125,330,441,238,460,373,563,144,516,1350,989,413,1482,515,1567,679,3212
Switzerland,CHE,2003,2097,151,104,127,333,448,239,464,374,566,138,518,1349,1001,418,1468,524,1583,669,3259
Switzerland,CHE,2004,2100,149,101,127,333,448,241,467,379,559,133,512,1334,1012,416,1422,532,1562,644,3233
Switzerland,CHE,2005,2123,152,98,131,337,448,245,472,383,560,128,515,1329,1031,421,1412,538,1568,634,3251
Switzerland,CHE,2006,2161,159,99,131,346,451,249,481,389,567,130,519,1330,1054,428,1435,555,1587,627,3284
Switzerland,CHE,2007,2201,163,98,132,350,450,254,489,398,569,131,521,1334,1081,436,1441,571,1603,622,3330
Switzerland,CHE,2008,2223,168,98,133,355,448,257,499,403,570,130,522,1344,1107,441,1440,580,1601,613,3362
Switzerland,CHE,2009,2260,173,98,135,359,452,260,505,411,573,131,529,1350,1148,450,1459,593,1624,616,3406
Switzerland,CHE,2010,2295,177,97,137,363,452,265,517,415,572,130,524,1352,1175,457,1472,609,1632,611,3425
Switzerland,CHE,2011,2313,181,97,137,369,453,271,523,421,575,130,523,1354,1192,460,1462,620,1635,609,3399
Switzerland,CHE,2012,2357,185,99,140,380,451,277,535,424,587,128,527,1365,1225,470,1476,642,1654,616,3420
Switzerland,CHE,2013,2382,183,98,141,385,455,279,544,428,592,127,531,1390,1239,477,1458,656,1660,622,3427
Switzerland,CHE,2014,2390,183,96,142,390,457,279,547,428,599,124,531,1420,1241,474,1427,662,1645,609,3346
Switzerland,CHE,2015,2434,187,97,145,400,464,283,558,436,613,125,539,1465,1262,481,1443,677,1673,617,3369
Switzerland,CHE,2016,2486,191,99,148,409,473,288,570,445,629,126,550,1513,1286,490,1471,692,1709,628,3407
Thailand,THA,1990,4068,641,781,360,265,756,1567,741,1200,934,2831,1473,863,1274,1132,2146,8894,3485,3025,9678
Thailand,THA,1991,4222,656,817,379,280,783,1642,780,1232,982,2887,1501,906,1337,1183,2235,9314,3680,3120,10152
Thailand,THA,1992,4392,683,856,399,296,811,1726,824,1272,1033,2969,1537,950,1404,1251,2340,9735,3912,3236,10605
Thailand,THA,1993,4520,696,868,412,310,835,1784,850,1311,1080,3022,1569,984,1459,1294,2421,10074,4075,3254,10872
Thailand,THA,1994,4657,712,881,425,324,861,1846,878,1355,1126,3085,1599,1021,1521,1345,2509,10454,4253,3280,11172
Thailand,THA,1995,4792,726,896,437,340,891,1915,912,1402,1172,3142,1626,1061,1590,1397,2603,10905,4436,3307,11516
Thailand,THA,1996,4921,737,909,447,356,924,1982,943,1453,1214,3209,1645,1099,1658,1451,2706,11298,4613,3323,11946
Thailand,THA,1997,5075,760,939,458,375,964,2069,988,1505,1253,3315,1651,1147,1737,1533,2841,11827,4821,3387,12510
Thailand,THA,1998,5265,782,974,468,397,1009,2179,1041,1565,1293,3434,1720,1213,1826,1598,2989,12522,5068,3472,12829
Thailand,THA,1999,5462,823,1008,480,418,1065,2210,1085,1637,1328,3533,1951,1289,1907,1653,3192,13123,5345,3568,13641
Thailand,THA,2000,5620,856,1033,485,437,1114,2222,1124,1695,1347,3566,2207,1361,1983,1700,3426,13779,5587,3625,14435
Thailand,THA,2001,5729,884,1036,484,451,1155,2219,1147,1745,1353,3560,2463,1431,2043,1733,3657,14402,5785,3647,14837
Thailand,THA,2002,5839,906,1034,481,465,1197,2223,1168,1802,1354,3546,2725,1495,2107,1777,3890,15134,5976,3646,15163
Thailand,THA,2003,5966,931,1045,480,482,1232,2270,1209,1851,1353,3545,2990,1573,2194,1859,4121,16019,6202,3670,15616
Thailand,THA,2004,6078,1007,1052,492,495,1283,2229,1212,1885,1337,3528,2857,1654,2240,1840,4205,16358,6531,3739,15819
Thailand,THA,2005,6210,1088,1067,505,510,1331,2197,1223,1927,1326,3543,2753,1736,2295,1830,4335,16803,6922,3830,16093
Thailand,THA,2006,6322,1136,1083,514,527,1376,2285,1240,1977,1322,3538,3025,1821,2359,1966,4512,17270,6995,3885,16584
Thailand,THA,2007,6401,1180,1095,518,544,1408,2340,1257,2019,1314,3491,3249,1900,2418,2066,4623,17699,7060,3900,16982
Thailand,THA,2008,6459,1213,1098,519,559,1438,2382,1268,2055,1307,3434,3464,1970,2476,2153,4704,18173,7073,3877,17303
Thailand,THA,2009,6529,1241,1105,523,576,1470,2422,1278,2094,1305,3408,3676,2028,2541,2240,4809,18699,7087,3861,17615
Thailand,THA,2010,6612,1265,1116,530,595,1508,2466,1286,2136,1309,3402,3876,2077,2613,2331,4929,19284,7117,3845,17927
Thailand,THA,2011,6699,1293,1130,535,616,1538,2508,1305,2182,1314,3379,4088,2135,2682,2416,5017,19835,7174,3855,18264
Thailand,THA,2012,6809,1332,1155,548,636,1562,2572,1336,2234,1339,3381,4213,2210,2768,2502,5092,20390,7336,3885,18723
Thailand,THA,2013,6973,1391,1186,575,660,1596,2659,1374,2292,1385,3403,4297,2303,2875,2586,5183,20962,7578,3950,19265
Thailand,THA,2014,7135,1448,1218,590,689,1629,2737,1417,2360,1407,3433,4366,2389,2989,2659,5274,21500,7782,4032,19753
Thailand,THA,2015,7324,1478,1258,601,718,1670,2841,1476,2427,1445,3457,4416,2483,3106,2721,5334,22270,8076,4110,20418
Thailand,THA,2016,7514,1516,1299,612,746,1711,2945,1542,2490,1483,3470,4471,2597,3226,2774,5380,22929,8371,4188,21120
United Kingdom,GBR,1990,14304,1057,960,662,2812,4815,1244,5631,2970,4197,2678,6172,9080,7624,5808,15996,1737,19824,11857,40447
United Kingdom,GBR,1991,14447,1061,968,676,2860,4824,1257,5673,2994,4322,2602,6248,9374,7654,5976,16022,1819,19833,11653,40187
United Kingdom,GBR,1992,14563,1067,977,677,2909,4853,1279,5714,3051,4463,2509,6321,9613,7704,6158,15992,1903,19838,11449,39859
United Kingdom,GBR,1993,14686,1078,983,688,2982,4892,1291,5706,3087,4629,2383,6457,9824,7765,6389,15998,1995,19816,11278,39692
United Kingdom,GBR,1994,14727,1080,973,699,3041,4925,1312,5681,3114,4731,2272,6507,9958,7774,6524,15798,2076,19561,11011,39054
United Kingdom,GBR,1995,14878,1095,968,701,3109,4942,1309,5678,3142,4836,2201,6579,10142,7806,6672,15650,2154,19441,10819,38596
United Kingdom,GBR,1996,14988,1116,959,710,3144,4980,1313,5618,3181,4924,2142,6650,10220,7856,6799,15424,2240,19233,10582,38082
United Kingdom,GBR,1997,15073,1147,946,719,3200,4987,1320,5552,3228,4988,2073,6706,10233,7889,6908,15230,2333,19001,10359,37565
United Kingdom,GBR,1998,15271,1183,935,718,3263,5005,1326,5475,3267,5039,2008,6726,10265,7937,7022,15059,2403,18783,10143,37240
United Kingdom,GBR,1999,15423,1229,925,715,3309,5015,1332,5406,3307,5062,1959,6713,10302,8016,7130,14924,2477,18608,9883,36905
United Kingdom,GBR,2000,15580,1284,908,709,3348,5012,1337,5379,3348,5056,1913,6648,10353,8111,7187,14670,2571,18364,9594,36496
United Kingdom,GBR,2001,15909,1360,902,726,3415,5056,1348,5390,3394,5069,1914,6621,10534,8215,7323,14620,2664,18361,9417,36291
United Kingdom,GBR,2002,16172,1439,896,734,3491,5052,1360,5384,3428,5079,1893,6641,10652,8342,7464,14502,2787,18392,9277,36388
United Kingdom,GBR,2003,16402,1512,884,738,3560,5006,1366,5373,3469,5062,1869,6630,10733,8465,7572,14310,2909,18380,9095,36503
United Kingdom,GBR,2004,16547,1565,866,748,3633,4943,1387,5347,3509,5024,1824,6572,10778,8568,7613,14030,3042,18259,8850,36441
United Kingdom,GBR,2005,16726,1642,855,760,3695,4888,1401,5357,3545,5019,1784,6530,10860,8710,7687,13854,3191,18207,8642,36562
United Kingdom,GBR,2006,16913,1699,845,772,3759,4826,1424,5368,3591,5017,1739,6523,10915,8824,7713,13643,3343,18086,8390,36368
United Kingdom,GBR,2007,17150,1764,834,794,3812,4778,1449,5390,3637,5029,1711,6522,11009,8983,7757,13451,3499,18061,8245,36389
United Kingdom,GBR,2008,17373,1836,838,810,3875,4755,1474,5416,3693,5038,1686,6520,11101,9120,7829,13323,3660,18070,8101,36474
United Kingdom,GBR,2009,17604,1898,829,839,3937,4738,1509,5444,3750,5063,1657,6537,11236,9270,7874,13125,3827,17991,7947,36439
United Kingdom,GBR,2010,17984,1982,832,863,4044,4741,1547,5511,3816,5123,1646,6590,11504,9442,7972,13102,4011,18133,7896,36667
United Kingdom,GBR,2011,18353,2069,841,888,4129,4758,1585,5619,3877,5211,1642,6665,11783,9654,8046,13144,4204,18290,7872,36940
United Kingdom,GBR,2012,18820,2186,851,916,4214,4793,1624,5750,3959,5304,1636,6752,12101,9892,8181,13296,4416,18640,7928,37477
United Kingdom,GBR,2013,19275,2255,868,943,4283,4828,1674,5851,4032,5396,1628,6805,12419,10083,8301,13415,4605,18903,7951,38005
United Kingdom,GBR,2014,19741,2329,882,962,4380,4850,1721,5985,4103,5494,1619,6843,12832,10296,8427,13489,4756,19214,7999,38609
United Kingdom,GBR,2015,20051,2364,896,977,4451,4862,1757,6086,4154,5587,1604,6917,13246,10446,8539,13528,4835,19508,8075,39060
United Kingdom,GBR,2016,20268,2365,907,983,4504,4918,1767,6203,4194,5690,1611,7033,13636,10563,8631,13613,4826,19804,8220,39555
United States,USA,1990,45910,3757,4426,2613,10354,12598,5629,11537,11407,20227,5994,21601,30848,27945,11168,43874,9188,68411,17191,151025
United States,USA,1991,46647,3747,4471,2603,10626,12807,5613,11721,11618,20914,5967,21977,31721,28380,11384,44156,9607,68509,17062,153629
United States,USA,1992,47404,3750,4500,2598,10872,13003,5596,11944,11793,21567,5969,22373,32455,28867,11630,44412,10093,68818,16906,156410
United States,USA,1993,48383,3753,4558,2599,11096,13167,5603,12207,11988,22258,6001,22845,33091,29388,11927,45001,10600,69620,16955,160128
United States,USA,1994,49160,3774,4592,2604,11363,13389,5558,12442,12174,22962,6010,23234,33452,29883,12219,45324,11092,70146,16860,163247
United States,USA,1995,49995,3777,4610,2596,11610,13522,5557,12665,12292,23562,6023,23644,33602,30320,12485,45526,11620,70630,16826,166358
United States,USA,1996,50541,3786,4557,2573,11725,13599,5485,12791,12388,23952,6003,23807,33222,30592,12642,45177,12061,70189,16536,165920
United States,USA,1997,51042,3778,4467,2561,11831,13723,5430,12884,12462,24220,5962,23877,32538,30866,12752,44549,12481,69603,16242,165096
United States,USA,1998,52019,3820,4483,2565,11997,13861,5417,13099,12615,24401,5948,24089,32181,31401,13078,44327,12990,70109,16275,166720
United States,USA,1999,53451,3920,4505,2580,12043,14064,5366,13345,12767,24262,5987,24309,31782,32082,13411,44290,13524,71081,16357,168487
United States,USA,2000,54362,3999,4494,2577,12240,14267,5360,13545,12866,24092,5983,24479,31300,32576,13660,44269,14032,71150,16264,169897
United States,USA,2001,55348,4095,4477,2614,12450,14507,5382,13776,12997,23941,5979,24668,30983,33189,13914,44346,14613,71199,16177,170420
United States,USA,2002,56179,4187,4483,2648,12649,14680,5410,14050,13155,23792,5980,24866,30705,33873,14188,44395,15248,71371,16158,171615
United States,USA,2003,56929,4250,4488,2686,12828,14759,5428,14258,13276,23616,5976,24996,30308,34558,14439,44248,15899,71137,16060,172120
United States,USA,2004,57633,4304,4464,2726,12995,14824,5446,14519,13387,23440,5952,25057,29991,35300,14652,43959,16569,70543,15875,172174
United States,USA,2005,58410,4363,4464,2759,13168,14824,5471,14756,13521,23317,5979,25172,29765,36011,14884,43672,17281,70232,15733,172420
United States,USA,2006,59204,4420,4441,2800,13309,14821,5500,14950,13620,23247,6019,25280,29552,36683,15062,43300,17956,69906,15577,170925
United States,USA,2007,60169,4505,4426,2862,13534,14854,5575,15205,13832,23303,6047,25435,29626,37487,15251,43243,18731,69964,15491,170402
United States,USA,2008,61265,4596,4455,2919,13785,14952,5651,15462,14108,23430,6089,25664,29751,38378,15478,43588,19589,70287,15487,170522
United States,USA,2009,62468,4638,4458,2979,14035,15098,5731,15712,14398,23610,6124,25859,29912,39214,15708,43953,20477,70443,15396,170136
United States,USA,2010,63805,4713,4490,3064,14311,15246,5859,16037,14665,23846,6186,26096,30283,40161,15998,44402,21376,70994,15450,170255
United States,USA,2011,65130,4801,4528,3143,14583,15342,5978,16417,14977,24099,6290,26436,30599,41102,16251,44856,22195,71629,15548,172047
United States,USA,2012,66625,4871,4583,3224,14861,15500,6123,16820,15357,24443,6387,26817,31082,42204,16558,45383,23013,72511,15739,174673
United States,USA,2013,68181,4980,4676,3297,15210,15677,6272,17264,15718,24844,6526,27274,31860,43272,16901,46064,23758,73776,16003,177979
United States,USA,2014,69747,5112,4770,3384,15496,15893,6431,17613,16088,25303,6640,27678,32742,44291,17227,46918,24278,75075,16281,181158
United States,USA,2015,71300,5237,4913,3460,15917,16328,6596,17985,16440,26131,6733,28298,34181,45228,17677,48246,24451,77342,16713,186483
United States,USA,2016,72847,5373,5047,3540,16324,16681,6752,18387,16779,26818,6835,28852,35468,46253,18141,49327,24860,79297,17130,191462
Vietnam,VNM,1990,6895,588,363,2313,232,648,1486,550,707,2039,1467,1383,877,1445,1785,2836,6207,5854,8135,16792
Vietnam,VNM,1991,7068,605,370,2387,240,669,1532,567,729,2106,1459,1411,910,1500,1822,2921,6384,6058,8255,17384
Vietnam,VNM,1992,7288,622,371,2488,248,688,1579,578,751,2189,1430,1438,943,1560,1863,3014,6554,6277,8362,18009
Vietnam,VNM,1993,7260,642,430,2479,258,734,1640,630,779,2198,1577,1468,977,1600,1916,3106,6863,6520,8655,18693
Vietnam,VNM,1994,7277,663,488,2491,267,777,1701,679,806,2222,1702,1497,1013,1640,1973,3196,7171,6771,8910,19334
Vietnam,VNM,1995,7347,685,541,2532,276,819,1760,733,828,2268,1783,1524,1049,1679,2034,3276,7446,7025,9207,20018
Vietnam,VNM,1996,7044,708,683,2401,292,851,1860,765,894,2138,2254,1547,1093,1733,2104,3350,8077,7306,8857,20766
Vietnam,VNM,1997,7255,734,693,2521,303,875,1920,792,915,2228,2188,1569,1131,1796,2180,3436,8310,7591,9014,21645
Vietnam,VNM,1998,7413,764,729,2621,316,898,1993,824,943,2294,2208,1595,1174,1859,2270,3533,8651,7903,9140,22586
Vietnam,VNM,1999,7601,792,757,2741,329,920,2061,852,970,2367,2203,1620,1215,1922,2369,3635,8976,8220,9270,23588
Vietnam,VNM,2000,7767,817,783,2857,342,943,2127,880,993,2433,2202,1640,1250,1985,2472,3731,9303,8525,9367,24597
Vietnam,VNM,2001,7932,840,804,2973,354,971,2195,901,1017,2502,2210,1660,1285,2045,2583,3839,9634,8834,9445,25515
Vietnam,VNM,2002,8073,859,822,3084,365,996,2257,918,1035,2556,2215,1672,1313,2099,2693,3931,9941,9120,9485,26369
Vietnam,VNM,2003,8215,880,841,3203,377,1021,2328,936,1053,2610,2223,1684,1340,2155,2817,4024,10268,9428,9532,27260
Vietnam,VNM,2004,8362,900,860,3334,390,1050,2405,955,1070,2665,2235,1694,1370,2217,2944,4119,10624,9758,9571,28174
Vietnam,VNM,2005,8514,917,882,3479,403,1080,2490,974,1087,2723,2250,1705,1400,2284,3076,4214,11019,10113,9609,29144
Vietnam,VNM,2006,8644,930,900,3607,416,1112,2572,992,1102,2781,2260,1716,1432,2349,3196,4299,11389,10453,9625,29804
Vietnam,VNM,2007,8757,938,918,3734,430,1142,2653,1010,1114,2831,2267,1722,1465,2420,3308,4382,11746,10813,9643,30519
Vietnam,VNM,2008,8871,945,938,3861,444,1170,2733,1028,1125,2883,2276,1732,1497,2492,3419,4457,12097,11186,9641,31180
Vietnam,VNM,2009,9053,955,965,4022,461,1209,2825,1052,1148,2957,2298,1753,1531,2580,3484,4561,12551,11582,9728,32035
Vietnam,VNM,2010,9231,963,992,4188,479,1249,2914,1075,1174,3029,2314,1773,1563,2671,3541,4661,13024,11959,9808,32849
Vietnam,VNM,2011,9394,970,1016,4324,496,1285,2992,1096,1199,3097,2325,1790,1594,2757,3569,4746,13501,12282,9873,33698
Vietnam,VNM,2012,9569,979,1044,4463,514,1322,3075,1119,1228,3171,2338,1812,1629,2849,3605,4837,13978,12609,9960,34645
Vietnam,VNM,2013,9769,994,1075,4619,533,1365,3172,1148,1263,3252,2357,1839,1667,2953,3651,4947,14482,12965,10095,35691
Vietnam,VNM,2014,9989,1014,1108,4782,555,1409,3275,1180,1302,3340,2379,1869,1712,3068,3700,5061,15007,13336,10251,36829
Vietnam,VNM,2015,10228,1036,1140,4946,578,1457,3398,1217,1343,3440,2403,1908,1762,3194,3768,5191,15549,13770,10415,38095
Vietnam,VNM,2016,10469,1058,1171,5105,601,1500,3512,1257,1384,3543,2428,1949,1820,3320,3825,5305,16045,14181,10584,39365